2022년,서울 종로,서울 중구,서울 용산,서울 성동,서울 광진,서울 동대문,서울 중랑,서울 성북,서울 강북,서울 도봉,서울 노원,서울 은평,서울 서대문,서울 마포,서울 양천,서울 강서,서울 구로,서울 금천,서울 영등포,서울 동작,서울 관악,서울 서초,서울 강남,서울 송파,서울 강동,부산 중구,부산 서구,부산 동구,부산 영도,부산 부산진,부산 동래,부산 남구,부산 북구,부산 해운대,부산 사하,부산 금정,부산 강서,부산 연제,부산 수영,부산 사상,부산 기장군,대구 중구,대구 동구,대구 서구,대구 남구,대구 북구,대구 수성,대구 달서,대구 달성군,인천 중구,인천 동구,인천 서구,인천 미추홀,인천 연수,인천 남동,인천 부평,인천 계양,인천 강화군,인천 옹진군,광주 동구,광주 서구,광주 남구,광주 북구,광주 광산,대전 중구,대전 동구,대전 서구,대전 유성,대전 대덕,울산 중구,울산 동구,울산 남구,울산 북구,울산 울주군,부천,수원,성남,전주,안양,청주,창원,광명,포항,안산,진주,고양,제주,목포,의정부,익산,군산,구미,천안,여수,춘천,원주,평택,경주,김해,순천,군포,남양주,강릉,충주,안동,경산,아산,거제,김천,정읍,용인,시흥,파주,양산,이천,구리,서산,제천,논산,기타 도시,도시이외
절도,1318,1376,986,983,1669,1561,1508,1139,876,968,1503,1493,1111,1458,1482,1997,1566,1115,2062,1199,1971,1920,2520,2215,1672,615,552,587,367,2355,909,658,1080,1553,831,818,418,695,680,997,629,1223,1150,1279,699,1531,1166,2030,748,521,147,1313,1478,1220,1315,1970,747,173,18,610,1124,560,1614,1303,1044,1259,1873,1313,550,665,493,996,583,556,3425,4711,3055,2192,1596,3442,3430,934,2510,2864,2114,2490,2250,1289,1235,971,884,1750,3076,810,857,1253,2348,1209,2758,967,753,1423,633,758,448,1016,1264,795,493,546,2727,1861,1208,1160,741,480,520,384,387,16499,9521
장물,5,1,2,0,0,0,0,0,2,0,1,2,1,3,1,8,3,0,1,0,2,2,7,2,3,2,1,0,3,7,1,3,2,3,0,1,1,1,2,2,1,1,4,1,1,2,4,0,1,2,0,7,4,3,2,4,3,0,0,2,1,0,0,2,2,3,1,1,1,1,0,5,1,1,8,17,3,2,0,6,1,3,3,2,0,3,1,2,1,1,0,1,5,1,0,1,2,1,2,2,1,4,3,1,0,0,1,1,0,0,2,0,3,2,3,0,0,0,0,20,11
사기,1510,1724,1249,1616,1886,1716,1552,1200,1665,1218,2030,1801,1180,1640,1373,2670,1887,1861,2810,1251,2934,3551,7162,3595,1769,604,881,1002,595,3821,1841,2171,2136,2566,1956,1760,1335,2076,709,2342,1390,1194,2605,930,913,2241,2240,3703,1175,1100,189,2951,3329,1978,3011,2524,1358,259,60,732,2301,821,2138,2365,2159,1589,4616,2320,1106,1046,626,2229,814,1014,5643,6648,4217,4215,2335,5733,7254,1474,3224,4110,2600,5225,4033,1729,3171,2203,2134,3180,5446,1702,1592,2467,4388,1513,3312,1553,1213,3042,1065,1327,846,1449,1434,1524,605,584,3992,3136,3193,2078,1279,768,968,610,802,54151,16520
횡령,838,725,595,497,710,624,473,456,278,284,668,499,452,890,443,621,584,426,952,552,781,938,1815,1100,477,157,102,191,92,858,328,345,197,457,331,265,175,324,271,262,174,391,500,201,273,392,375,428,159,351,58,821,728,477,688,739,278,64,10,234,451,151,472,382,375,239,428,265,168,138,120,306,106,116,1170,1464,1034,507,682,713,1081,321,312,740,236,1760,653,247,731,209,202,295,807,262,182,269,619,302,443,228,200,703,209,141,84,354,260,190,121,57,785,578,655,266,203,268,130,81,67,6278,2164
배임,27,44,32,31,17,33,8,18,11,19,19,36,21,93,27,33,20,37,61,21,22,97,210,74,18,15,21,22,10,31,13,18,14,54,14,13,13,16,18,12,15,24,16,14,3,16,41,24,11,15,3,43,18,32,42,32,13,1,1,15,33,26,30,19,22,6,43,43,7,15,12,37,6,32,30,60,58,32,36,46,72,17,27,53,20,63,57,19,23,23,19,25,60,29,14,25,55,20,40,22,9,59,18,7,10,11,25,12,13,11,77,27,48,20,9,14,16,6,9,671,304
손괴,335,369,403,219,401,363,442,286,300,229,567,438,262,516,406,479,430,270,544,337,576,401,768,549,400,132,106,144,108,644,237,237,229,391,328,216,115,214,226,259,153,257,363,309,219,467,359,538,209,203,47,592,459,317,447,627,291,99,20,130,328,198,432,370,278,326,551,367,180,161,160,392,181,191,1175,1607,957,557,556,1036,1096,338,529,1105,387,862,885,237,587,229,282,435,797,355,327,467,937,302,549,350,252,566,253,251,199,390,312,283,154,114,793,788,521,302,323,185,234,139,119,6113,3500
살인,1,2,5,2,6,4,2,2,7,3,3,4,4,2,8,4,12,2,5,3,9,3,12,2,5,0,3,1,3,7,1,3,3,4,6,5,5,1,2,6,3,5,4,1,1,6,5,6,3,5,1,9,12,3,9,6,4,3,2,0,0,0,0,3,10,2,1,3,3,2,0,5,3,5,10,13,12,10,5,15,16,4,7,11,6,14,7,4,7,4,7,6,17,5,4,4,8,1,8,4,2,8,5,2,2,1,10,4,2,2,13,8,4,5,5,2,6,2,1,94,64
강도,8,5,7,2,0,2,2,1,5,0,3,9,2,2,3,7,8,3,10,5,9,4,12,6,5,5,1,3,1,5,1,3,2,9,4,5,1,2,1,1,1,3,8,2,6,9,1,3,0,2,1,4,9,1,6,5,2,0,0,2,2,3,2,1,3,7,4,2,1,2,0,6,1,1,12,8,13,3,3,19,12,4,5,9,0,4,4,2,4,3,2,3,12,0,4,1,6,1,4,7,0,6,2,0,0,2,3,3,0,0,1,8,3,0,0,1,5,2,0,56,31
방화,7,13,10,8,6,5,11,5,6,4,15,7,9,5,4,7,14,7,15,4,8,13,13,9,7,1,4,3,7,12,4,3,7,13,11,6,1,5,7,3,3,4,13,5,0,4,3,18,2,4,0,19,11,6,12,11,6,1,0,2,4,10,9,10,6,9,12,11,1,4,3,12,5,3,26,27,11,20,12,22,24,2,14,27,10,19,19,7,6,5,9,15,8,8,9,7,22,5,13,6,6,11,4,4,10,4,6,2,6,2,16,11,8,4,3,3,6,3,2,127,111
성폭력,329,316,411,251,388,246,266,290,302,180,359,318,265,717,223,486,438,254,493,363,601,675,1046,580,286,76,63,91,52,487,237,161,145,344,170,183,91,169,181,194,128,243,250,103,118,294,264,351,227,176,58,441,411,324,465,514,197,40,13,120,289,138,262,260,228,222,486,268,136,125,90,317,112,168,735,1097,749,547,383,660,619,217,344,646,234,717,451,215,416,155,177,277,598,153,211,244,493,138,306,190,184,409,170,154,99,208,228,153,67,58,537,375,370,203,147,125,116,90,53,4201,1949
폭행,961,850,1052,641,978,851,1094,833,1082,636,1239,952,595,1285,896,1412,1257,805,1371,725,1518,1318,2149,1600,1153,377,278,345,331,1457,590,471,471,896,641,396,250,762,477,632,343,583,809,780,469,848,807,1108,393,498,166,1451,1337,685,1446,1847,696,142,43,445,840,443,885,938,782,604,1486,884,520,501,388,988,403,391,2508,3409,2264,1315,1289,1814,2337,814,777,2333,815,2484,2240,891,1420,775,583,1014,1383,666,638,738,1956,450,1102,772,569,1282,502,425,365,551,617,540,232,152,1951,1464,1264,820,656,435,410,258,198,13323,5901
상해,164,152,101,87,139,138,166,109,160,96,133,182,71,170,73,167,176,85,224,77,144,147,370,164,132,118,87,116,85,402,189,154,192,224,222,133,128,164,165,199,117,140,202,196,110,307,235,352,161,149,36,321,255,169,269,316,115,59,23,99,158,94,205,158,176,124,319,202,109,127,109,222,122,176,355,429,454,351,248,660,700,133,397,357,270,296,372,186,197,110,161,216,400,212,160,229,346,223,417,242,121,261,178,88,115,159,189,194,93,108,232,220,171,237,110,61,100,114,100,3361,2784
협박,82,106,113,110,139,148,187,175,154,124,205,163,105,171,168,277,221,125,201,139,231,155,324,251,146,41,29,72,59,202,100,89,80,175,109,81,56,83,70,113,72,72,157,115,56,135,148,194,71,90,27,342,225,127,241,238,107,31,10,50,103,44,120,111,125,122,174,116,71,75,54,140,71,72,465,603,409,213,239,314,315,125,114,357,129,458,394,159,228,86,99,164,247,156,135,133,302,71,199,137,90,218,85,94,83,117,134,106,63,34,321,314,204,148,120,60,82,39,30,2510,1375
공갈,45,29,20,23,40,63,34,20,61,20,44,43,35,54,28,46,58,38,59,17,61,62,108,101,30,17,26,18,17,57,32,61,48,59,36,36,16,35,10,42,35,22,26,27,9,22,39,50,11,45,16,134,95,77,95,88,54,13,5,11,35,18,26,37,34,52,62,69,37,10,14,27,19,13,165,260,124,104,36,182,134,44,46,106,60,76,75,19,111,22,37,80,113,54,62,28,132,21,89,45,39,61,21,39,10,15,26,23,19,8,147,57,41,55,27,5,27,8,14,1153,387
약취와 유인,1,1,1,3,2,2,4,1,1,0,5,5,8,6,3,4,0,4,2,1,4,2,4,7,1,0,0,4,0,3,0,0,1,1,3,1,0,1,3,0,1,0,2,0,0,3,2,1,0,0,0,3,5,3,4,3,0,0,0,0,1,0,3,4,0,0,2,0,0,1,1,2,0,1,7,5,8,3,4,14,1,1,0,6,5,10,0,2,2,1,0,1,0,2,2,6,1,2,3,1,0,2,1,1,0,1,4,2,0,1,8,3,4,1,0,2,0,1,1,22,12
체포와 감금,7,10,9,6,8,9,15,4,10,8,9,9,9,8,10,20,17,7,11,7,16,17,33,17,10,1,4,5,3,15,5,4,5,10,1,5,3,8,3,5,8,3,8,4,2,7,6,17,3,9,3,25,18,5,11,39,11,0,0,4,13,1,10,12,5,7,16,5,2,5,6,20,1,7,21,35,23,16,12,17,20,6,15,23,11,22,24,19,27,4,3,9,22,5,6,10,9,3,11,5,2,14,3,5,3,15,9,10,1,2,16,17,20,5,8,2,6,4,0,125,74
폭력행위등(손괴·강요·주거침입등),1,10,3,4,10,3,6,8,9,5,4,10,4,8,3,8,15,14,20,11,18,12,22,5,3,4,3,5,3,16,7,13,5,13,6,7,3,5,6,5,4,2,11,2,2,10,7,7,1,14,0,16,9,2,17,16,9,3,0,1,5,3,2,9,13,4,8,4,10,5,3,16,11,3,26,23,17,4,12,19,13,6,12,18,3,20,24,9,9,4,5,16,7,5,10,14,14,6,4,9,4,9,4,6,6,7,16,5,2,2,25,5,6,10,14,5,1,4,1,154,68
폭력행위등(단체등의구성·활동),1,0,1,0,0,0,0,0,2,0,2,2,0,2,1,1,0,0,3,0,1,0,1,0,1,0,2,0,0,1,1,0,0,2,1,0,0,0,0,0,0,0,0,0,1,0,0,1,0,0,0,1,5,0,2,0,0,0,0,3,2,0,2,0,0,0,1,0,0,0,0,0,0,0,0,4,1,6,0,18,1,0,0,1,0,2,0,1,1,7,9,0,2,0,1,0,1,0,2,1,0,0,0,2,0,1,0,0,0,0,1,0,0,2,5,0,0,0,0,6,6
위조(통화),10,30,6,2,4,7,7,1,0,3,3,1,7,10,6,6,10,1,8,4,4,12,11,11,8,0,1,4,1,4,0,2,2,0,1,0,1,2,1,1,0,6,1,0,2,5,6,5,2,13,0,1,1,4,5,4,1,0,0,4,0,1,2,3,1,1,2,1,2,0,0,1,0,0,3,10,22,3,2,4,2,2,0,3,1,11,2,0,5,1,6,2,2,0,3,1,4,3,0,1,2,9,1,0,3,0,3,0,0,1,3,1,5,0,3,1,0,1,1,46,13
"위조(유가증권,인지,우표)",4,1,0,0,0,2,0,2,0,2,0,0,0,4,0,0,1,0,6,0,1,5,2,1,1,0,0,1,0,3,1,1,0,0,0,0,0,1,0,0,0,0,0,0,0,0,2,0,1,0,0,0,0,1,0,0,0,0,0,0,1,0,0,0,0,0,0,0,0,0,0,0,0,0,0,2,1,0,0,0,2,0,0,2,1,2,1,0,2,1,0,0,0,0,0,1,0,0,0,0,1,0,2,0,0,0,0,0,0,0,1,0,2,0,1,0,0,0,0,4,1
위조(문서),74,60,63,53,79,50,55,54,76,65,70,88,63,108,83,89,78,72,107,67,75,271,260,154,55,35,32,29,29,132,57,64,42,136,69,46,63,97,42,65,39,77,75,51,25,78,109,96,32,90,14,98,110,71,117,109,34,16,2,68,87,28,94,63,63,43,176,58,25,39,34,98,31,53,159,273,142,181,81,192,234,35,88,147,63,189,162,71,84,50,52,82,173,56,90,89,126,43,153,51,19,126,49,45,28,58,68,53,20,20,171,112,81,68,45,36,49,22,38,1962,826
위조(인장),4,2,0,0,3,1,7,2,4,3,4,2,1,5,1,3,3,1,2,3,0,11,7,5,0,2,2,1,0,2,3,0,4,4,1,1,1,1,3,2,0,1,4,4,0,5,1,5,0,3,0,3,4,10,8,5,1,0,0,2,2,4,3,16,2,1,5,1,1,3,1,3,9,2,5,3,8,3,4,8,20,2,1,6,5,7,2,1,3,0,3,6,6,120,3,5,3,5,12,5,3,6,6,4,1,7,3,1,1,1,7,4,7,3,2,2,2,0,2,77,128
직무유기,49,27,10,9,12,8,4,7,7,5,10,3,14,9,19,12,21,14,26,5,20,56,23,22,6,3,7,3,8,26,7,10,6,20,7,8,23,10,3,9,3,5,28,3,1,14,23,6,6,14,3,15,28,11,23,18,6,6,0,14,4,1,19,6,6,7,19,9,3,11,6,20,10,12,38,35,15,55,17,22,23,5,19,17,5,9,19,13,13,10,14,6,21,9,11,5,13,2,9,14,6,14,4,4,8,7,4,8,5,12,15,13,4,14,10,4,2,3,6,251,186
직권남용,44,23,12,9,9,21,7,17,5,5,5,7,18,24,14,8,21,8,19,8,25,70,31,31,8,6,4,20,6,36,13,10,7,33,11,14,11,16,4,19,8,5,7,3,7,9,30,9,6,9,2,11,52,3,26,20,4,2,0,46,7,2,19,11,4,8,32,20,5,7,1,23,8,12,46,78,50,41,30,25,35,3,19,26,10,34,24,15,23,2,12,12,20,9,13,4,13,2,3,20,3,23,12,13,6,4,4,3,4,22,18,8,6,19,9,7,2,1,15,318,161
수뢰,7,6,2,0,3,7,3,1,2,0,1,0,3,6,0,1,1,2,6,0,2,1,14,4,1,0,0,2,0,0,0,0,1,4,1,1,3,2,1,2,0,3,1,0,2,1,15,0,0,4,0,8,4,4,7,1,1,0,0,3,7,2,2,3,2,0,7,4,0,3,0,4,1,1,5,5,21,3,0,1,7,1,3,7,3,2,1,1,23,2,1,1,4,2,1,0,3,0,7,2,2,2,1,1,0,1,0,0,11,1,7,1,0,3,2,2,1,1,1,81,49
증뢰,0,1,2,1,0,1,0,0,1,3,0,0,0,0,0,1,1,0,2,0,1,2,2,2,0,0,0,0,0,0,1,0,0,2,0,0,0,0,0,0,0,0,0,0,0,0,7,0,1,0,0,0,0,0,1,0,0,0,0,0,1,1,0,0,0,0,2,1,0,0,0,1,0,1,1,1,3,1,0,0,1,1,1,0,3,0,0,0,0,0,1,1,0,0,1,0,2,0,0,0,0,1,2,0,0,0,0,0,2,0,0,0,0,3,0,0,0,1,0,38,8
도박과 복표,16,22,17,12,21,16,49,15,13,15,16,18,8,9,11,30,24,16,33,6,25,14,49,31,25,7,3,3,3,19,7,10,8,29,8,115,6,56,5,94,3,32,14,19,10,19,19,18,9,17,2,28,27,22,83,31,23,6,0,7,27,11,27,26,31,12,74,52,10,81,7,143,5,14,57,646,49,34,64,67,53,11,22,47,5,36,52,31,39,33,26,14,57,15,41,20,39,12,21,12,12,27,12,18,13,16,12,19,9,7,36,54,22,23,9,4,10,11,18,481,298
신앙,0,1,0,1,0,0,0,0,0,1,2,2,0,0,1,0,0,0,0,0,0,1,0,0,2,0,0,0,0,0,0,0,1,1,0,0,0,0,0,0,2,0,0,0,1,0,0,0,0,1,0,0,0,0,0,2,1,1,0,1,1,0,3,3,2,1,0,1,0,0,0,0,0,3,1,1,1,3,1,7,0,0,7,2,0,1,10,0,1,2,9,0,3,1,1,1,1,1,0,4,0,1,0,2,4,2,1,2,3,2,3,0,3,1,3,0,0,1,0,39,66
기타 음란행위,13,12,17,11,22,20,23,18,14,11,21,17,18,24,16,34,23,18,32,15,36,20,25,27,23,8,2,8,2,31,16,3,13,21,9,20,4,13,11,18,12,14,14,9,3,17,14,37,4,10,2,24,19,17,31,40,21,1,1,5,12,6,24,19,10,24,25,15,11,7,6,17,8,6,73,82,44,32,29,39,45,13,15,38,13,47,38,18,19,3,13,19,46,4,9,10,37,3,22,13,8,15,12,7,9,12,9,4,3,4,33,24,31,14,9,12,10,1,1,204,62
과실치사상,34,20,28,15,24,33,22,18,15,7,33,19,12,20,15,23,26,8,25,16,13,27,48,30,23,4,9,4,6,30,8,19,10,26,14,11,13,14,12,7,9,18,14,10,12,12,17,27,11,16,2,29,26,9,14,58,5,11,1,13,13,6,13,7,11,13,17,16,6,8,7,10,4,6,46,66,46,19,23,39,35,18,10,30,6,52,51,16,21,13,8,13,21,9,19,19,29,13,30,16,13,44,14,8,15,10,11,5,7,2,40,23,22,15,18,8,1,4,4,311,247
업무상 과실치사상,13,18,10,15,9,14,14,15,12,6,23,15,15,20,17,24,17,16,28,8,14,38,90,30,24,7,16,11,7,47,21,17,5,31,27,9,23,15,5,11,16,16,21,14,15,21,14,19,17,28,6,43,14,19,38,17,18,5,17,12,16,11,21,18,19,7,21,23,4,4,11,29,15,19,39,59,53,26,14,46,52,10,31,46,24,91,56,12,23,15,27,13,32,37,33,23,54,18,29,13,11,51,19,21,16,18,14,16,12,5,78,51,38,23,26,9,8,12,12,506,449
실화,12,13,8,10,9,13,21,15,11,12,17,13,21,19,11,15,21,13,36,18,16,31,71,19,4,1,2,6,8,15,9,2,7,26,8,7,10,2,2,7,8,5,22,7,4,15,7,22,9,6,3,32,20,10,17,20,13,3,4,6,8,13,15,18,1,10,16,11,6,4,9,14,7,7,38,64,29,28,31,68,37,13,15,47,5,55,36,16,23,21,16,19,57,17,1,13,41,16,21,9,13,44,12,17,5,23,22,5,11,18,46,36,14,18,22,7,13,2,12,317,277
명예,227,514,468,573,195,1081,627,219,159,183,222,212,170,425,282,264,435,161,304,126,370,586,992,592,246,75,71,84,92,480,151,166,144,313,196,181,113,184,77,132,128,115,125,85,63,140,181,308,111,104,17,355,201,203,375,309,143,52,9,82,173,98,178,165,125,138,286,196,65,68,42,180,73,90,503,597,967,302,204,405,420,367,180,268,333,555,301,219,220,102,133,156,276,119,146,162,314,96,208,114,77,718,94,53,73,113,181,97,63,55,703,208,183,224,67,224,65,43,118,5864,1486
권리행사 방해,15,28,14,28,27,28,29,19,29,13,19,16,61,25,22,33,27,27,33,18,44,58,106,40,15,5,6,11,15,64,22,26,15,39,23,15,18,24,17,24,26,16,41,17,22,43,43,54,21,30,12,59,65,30,65,54,28,6,0,19,43,13,56,42,21,23,75,33,21,20,6,44,18,38,67,145,56,110,45,108,151,20,65,78,40,94,63,47,44,32,63,66,95,23,35,34,75,33,73,36,15,63,25,27,10,40,41,42,15,14,84,65,71,69,21,12,29,15,21,1062,465
신용업무 경매,200,198,115,108,130,179,205,91,161,76,168,118,127,184,108,178,213,112,304,75,268,174,310,226,128,56,61,83,51,283,107,61,83,128,107,63,59,96,57,81,51,84,124,115,57,84,118,136,32,132,21,302,216,65,208,238,112,40,3,83,115,47,122,138,87,111,137,94,51,66,48,167,34,45,422,460,367,122,161,261,236,103,121,286,92,339,336,146,190,56,89,104,166,112,54,97,255,55,154,70,90,162,68,47,44,81,84,76,39,32,211,184,177,120,89,57,57,26,22,1989,1003
주거 침입,125,110,151,99,157,156,166,109,112,58,188,94,145,206,118,168,165,138,215,162,313,187,312,172,112,29,31,56,36,202,95,141,63,119,207,90,44,76,93,104,40,49,87,80,132,112,107,148,40,85,47,368,350,62,170,164,135,19,10,33,68,41,94,73,68,69,145,75,56,42,33,150,42,39,345,453,289,204,153,301,399,72,90,237,86,274,483,116,155,172,163,107,222,84,82,160,273,57,128,89,55,138,61,63,76,140,206,69,61,35,220,165,154,73,77,49,88,45,58,2081,1284
비밀침해,1,0,1,0,0,2,0,0,1,1,1,2,1,1,0,1,1,1,1,3,2,6,2,1,1,0,0,2,1,1,2,0,0,1,0,0,2,2,0,2,0,0,1,0,0,1,1,1,0,0,0,3,1,2,0,0,0,0,0,0,1,0,0,0,2,1,2,8,5,1,0,1,0,0,1,5,1,2,3,0,2,1,3,1,2,3,1,0,1,2,2,0,1,0,1,1,3,0,1,0,3,1,1,1,1,0,0,1,0,0,2,1,2,2,0,0,0,0,0,18,12
유기,1,2,1,3,1,3,2,1,1,4,0,5,0,4,1,1,0,0,1,4,61,2,8,2,2,0,1,1,0,0,1,2,1,2,3,2,3,3,0,0,1,1,1,0,3,2,4,1,1,2,0,2,5,4,9,3,3,0,1,0,1,1,1,2,2,3,6,5,3,3,0,0,1,1,2,1,1,3,3,2,3,1,1,1,0,7,3,2,3,0,1,4,2,1,4,1,3,0,1,0,2,9,0,0,0,1,0,2,0,0,4,1,8,1,2,0,1,1,0,22,27
교통방해,6,3,8,1,2,5,2,2,4,2,0,2,4,4,2,3,2,1,4,2,7,5,5,2,7,1,1,0,1,3,0,4,3,2,3,3,4,1,3,5,7,1,6,2,2,12,3,7,4,4,0,6,6,1,2,3,3,21,5,2,3,5,4,4,2,6,3,3,5,1,1,2,4,8,7,7,4,5,4,21,17,2,15,12,6,14,18,4,8,8,12,3,19,18,22,26,18,4,4,7,1,20,10,8,5,4,14,7,11,5,27,19,28,11,10,9,4,4,13,245,371
공무방해,99,73,111,30,99,91,111,62,152,50,80,90,53,146,72,145,72,50,148,47,173,101,184,118,51,37,27,37,23,153,62,53,56,107,79,31,23,57,61,53,20,70,83,69,33,77,70,137,45,48,15,163,122,50,118,112,61,8,3,27,106,25,72,51,68,70,102,61,26,36,47,138,20,37,194,195,139,94,101,174,223,33,89,141,71,138,243,59,104,44,79,77,186,87,60,91,190,52,158,48,19,85,57,61,29,47,58,65,21,29,91,88,82,74,39,19,46,32,27,1024,591
도주와 범인 은닉,0,0,1,0,2,3,1,4,0,1,1,1,0,1,1,2,0,0,0,0,0,1,11,3,1,3,0,0,0,7,0,0,3,2,0,1,0,2,0,0,1,0,1,0,0,0,2,1,1,10,0,0,5,0,4,4,0,0,1,0,1,1,0,2,1,1,3,5,0,0,1,2,0,0,0,5,2,2,0,1,1,0,2,2,1,6,5,0,4,0,4,5,0,3,2,6,6,2,0,1,0,1,0,0,0,0,2,2,1,0,3,0,0,0,0,0,1,0,1,38,16
위증과 증거인멸,11,4,8,1,9,2,2,5,2,75,3,9,2,34,63,5,3,3,5,5,3,181,18,66,3,2,2,1,1,2,3,1,3,34,4,1,38,92,1,4,1,2,5,1,0,2,76,29,3,4,0,7,69,6,3,6,2,0,0,68,6,2,4,2,3,2,92,4,2,0,0,31,1,5,29,80,39,37,21,27,63,0,14,25,21,37,21,7,47,2,20,4,23,3,18,28,27,6,3,41,1,5,16,4,4,2,1,0,7,5,11,2,9,5,5,0,5,4,12,152,93
무고,42,31,45,22,34,39,26,29,30,24,38,40,34,78,45,20,44,25,59,32,39,148,193,86,27,15,16,9,14,55,25,65,17,70,28,26,22,65,9,34,28,12,20,18,3,17,49,35,24,25,1,49,53,28,45,46,11,10,2,31,29,16,28,29,26,26,68,28,13,16,5,33,7,11,66,112,81,70,35,62,78,19,21,49,40,117,83,39,53,15,31,23,40,18,35,44,45,15,39,31,17,66,14,17,15,23,13,16,14,14,67,37,40,36,10,3,20,15,18,611,376
공안을 해하는 죄,2,0,2,4,1,0,0,1,0,0,1,1,13,1,10,0,1,0,2,0,0,4,4,3,1,0,1,0,0,3,0,1,0,3,3,1,0,0,0,0,0,0,0,0,0,1,0,5,1,1,0,2,0,0,3,2,0,0,0,0,2,0,3,0,0,1,2,0,0,0,0,2,0,0,1,4,1,1,0,0,2,0,0,4,1,0,1,1,45,2,0,0,0,0,0,0,2,0,3,0,2,1,1,0,1,0,0,0,0,0,3,2,0,0,0,0,0,0,0,38,18
내란의 죄,0,0,0,0,0,0,0,0,0,0,0,0,0,0,0,0,0,0,0,0,0,0,0,0,0,0,0,0,0,0,0,0,0,0,0,0,0,0,0,0,0,0,0,1,0,0,0,0,0,0,0,0,0,0,0,0,0,0,0,0,0,0,0,0,0,0,3,0,0,0,0,0,0,1,0,0,0,0,0,0,0,0,0,0,0,0,0,0,0,0,0,0,0,0,0,1,0,0,0,0,0,0,0,0,0,0,1,0,0,0,0,0,0,0,0,0,0,0,0,6,1
음용수에 관한 죄,0,0,0,0,0,0,0,0,0,0,0,0,0,0,0,0,0,0,0,0,0,0,1,0,0,0,1,0,0,1,0,0,0,0,0,0,0,0,1,0,0,0,0,0,0,0,0,0,0,0,0,0,0,1,1,0,0,0,0,0,0,0,0,0,1,0,0,0,0,0,0,0,0,1,0,3,0,0,0,0,0,0,1,1,0,0,0,1,0,0,0,0,0,0,1,0,2,0,0,0,0,0,0,0,0,0,0,0,0,0,1,0,1,0,0,0,0,0,0,6,6
일수와 수리에 관한 죄,0,0,0,0,0,0,0,0,0,0,0,0,0,0,0,0,0,0,0,1,0,0,0,0,0,0,0,0,0,0,0,0,0,0,0,1,0,0,0,0,0,0,0,0,0,0,0,0,0,0,0,0,0,0,0,0,0,0,0,0,0,1,0,0,0,0,0,1,0,0,0,0,0,0,0,0,0,0,0,0,0,0,0,0,0,0,0,0,0,1,0,0,0,0,0,0,0,0,0,0,0,0,0,0,0,0,0,0,0,0,0,0,0,0,0,0,0,0,0,2,6
기타 형법,3,0,0,0,0,0,0,0,0,0,0,0,1,0,0,0,0,0,0,0,1,1,0,0,0,0,0,0,0,0,0,0,0,0,0,0,1,0,0,0,0,0,0,0,0,0,0,0,0,0,0,0,1,0,0,0,1,0,0,0,0,0,0,0,0,0,0,0,0,0,0,0,0,0,0,0,0,0,0,0,0,0,0,1,0,0,0,0,0,0,0,0,0,0,0,0,0,0,0,0,0,0,0,0,0,0,0,0,0,0,0,0,0,0,0,0,0,0,0,3,1
가정폭력범죄의 처벌 등에 관한 특례법,2,8,6,6,15,4,14,5,15,10,17,10,4,10,11,25,24,6,4,2,29,7,13,8,11,1,1,1,4,13,8,4,6,10,5,3,5,6,3,6,2,9,14,6,6,6,4,18,6,3,1,13,12,4,7,13,10,2,1,5,3,3,7,7,12,5,18,11,4,4,0,1,0,2,46,27,24,13,7,23,23,17,11,38,6,15,58,17,12,2,5,3,5,7,4,6,21,7,16,19,7,11,4,6,3,2,3,10,7,0,22,19,16,3,16,8,16,0,2,99,66
가축분뇨의관리및이용에관한법률,0,0,0,0,0,0,0,0,0,0,0,0,0,0,0,0,0,0,0,0,0,0,0,0,0,0,0,0,0,0,0,0,0,0,0,0,11,0,0,0,2,0,3,0,0,0,0,0,2,0,0,0,0,0,1,0,0,3,3,0,0,0,0,0,0,0,1,0,0,0,0,0,0,12,0,0,0,5,0,3,8,0,2,0,12,3,15,0,0,22,2,4,11,11,5,1,8,6,36,1,0,2,5,2,0,12,5,4,11,8,2,0,5,1,14,1,3,4,2,248,274
감염병의예방및관리에관한법률,98,61,47,18,49,38,34,36,74,33,31,32,54,116,20,93,22,31,110,33,163,91,477,248,95,22,9,10,10,129,29,33,36,404,30,33,8,45,28,34,19,208,59,44,39,49,59,91,15,26,3,78,210,58,110,49,73,4,2,9,84,12,79,61,28,2,54,52,9,18,27,179,23,20,174,160,159,89,84,204,151,20,61,106,49,91,123,90,51,16,40,68,142,76,54,72,130,30,69,87,23,18,53,50,22,28,48,45,12,11,31,87,40,38,24,29,10,26,7,679,351
개발제한구역의 지정 및 관리에 관한 특별조치법,1,0,0,0,0,0,0,0,10,4,3,8,0,0,0,1,1,0,0,0,0,1,20,0,0,0,0,0,0,0,0,0,2,6,0,5,5,0,0,0,28,0,4,0,0,3,2,0,2,4,1,4,2,2,6,2,38,0,0,0,3,1,3,0,0,4,0,1,0,1,1,2,1,0,1,1,6,0,1,0,12,1,0,4,0,13,0,0,6,0,0,0,0,0,0,0,0,0,4,0,0,17,0,0,0,0,0,0,0,0,1,21,0,2,1,42,0,0,0,47,26
개인정보보호법,25,18,13,9,15,10,10,15,5,16,21,15,17,32,24,22,18,19,41,14,23,39,71,47,10,5,7,8,6,20,10,10,12,32,15,12,7,25,15,8,10,11,12,6,8,12,17,13,8,11,5,22,23,33,34,21,5,6,1,9,11,4,13,26,12,9,27,13,4,2,2,11,3,8,34,62,31,25,23,36,34,14,20,24,11,32,36,12,27,4,13,16,23,7,15,17,18,11,19,10,5,9,9,6,5,11,12,7,5,6,26,12,23,14,5,4,14,5,3,382,125
건강기능식품에관한법률,5,0,0,3,2,2,0,0,0,0,2,1,3,1,1,1,1,9,5,3,6,2,8,0,1,1,1,1,0,2,2,5,1,2,1,1,3,0,0,0,0,0,0,1,2,0,0,2,0,0,0,3,7,1,3,1,1,0,0,1,0,2,0,0,1,0,0,0,0,0,0,0,0,0,6,2,9,3,2,0,1,5,0,5,0,2,2,1,0,0,0,1,2,0,3,0,2,0,6,0,1,4,0,0,0,1,0,0,1,0,7,1,0,2,1,0,0,0,0,27,5
건설기계 관리법,1,2,0,0,0,0,1,0,1,0,0,0,0,1,0,0,0,0,1,1,0,0,0,0,0,2,0,0,0,0,2,1,0,0,0,0,5,0,0,0,3,0,1,1,0,2,6,0,1,2,1,2,1,0,5,2,3,1,0,1,0,2,0,1,1,2,1,0,0,2,0,0,1,0,4,3,1,2,0,4,2,0,3,3,2,2,0,1,2,0,2,2,2,0,3,29,3,1,7,0,0,5,3,1,9,2,4,1,4,1,10,10,2,1,18,0,0,6,1,62,60
건설산업 기본법,5,2,7,6,1,4,7,0,6,6,4,5,4,4,1,5,4,3,2,2,3,15,13,9,4,0,1,1,0,6,3,2,0,7,5,2,8,5,2,2,6,0,3,0,0,5,2,7,9,1,0,7,1,7,3,7,6,4,0,4,6,3,3,3,4,1,4,3,2,3,0,3,2,4,5,6,7,5,5,9,11,1,7,7,7,10,9,3,2,2,4,2,10,2,5,4,7,4,7,3,2,11,3,2,1,2,2,2,0,2,15,7,13,7,4,6,2,2,3,108,72
건축법,2,3,4,14,24,6,9,1,3,3,2,2,1,21,1,13,8,3,8,8,4,10,4,11,2,9,1,1,2,3,12,2,4,9,259,10,14,4,1,11,3,1,1,0,2,4,4,1,0,3,3,5,3,7,3,7,22,16,7,2,4,1,4,2,19,1,6,29,1,0,0,0,0,3,29,9,6,21,4,66,12,2,5,2,0,19,21,3,1,13,4,0,64,2,11,58,33,8,13,10,0,4,13,6,4,6,54,2,4,2,77,4,4,7,20,4,21,23,16,452,305
게임산업진흥에관한법률,3,4,1,8,9,2,19,12,22,9,12,7,7,6,12,21,9,15,11,10,11,1,4,4,15,11,2,1,7,14,10,11,10,10,13,15,0,20,5,13,5,2,31,24,20,36,19,53,7,14,0,20,27,9,36,46,13,0,2,11,22,15,33,46,10,18,40,12,16,22,10,32,8,13,77,99,58,38,30,54,51,18,29,68,8,46,26,22,14,20,28,50,44,14,18,19,48,13,25,18,16,15,22,23,27,19,32,32,6,3,33,65,18,12,10,17,13,20,5,351,230
결혼중개업의관리에관한법률,1,3,0,0,0,0,0,0,0,0,0,1,0,0,0,2,0,2,0,0,0,2,0,1,0,0,0,0,0,0,0,0,0,0,1,1,0,0,0,0,0,0,0,0,0,0,0,1,0,0,0,0,0,0,0,0,0,0,0,1,3,0,0,1,0,0,5,1,0,0,0,0,0,0,2,0,0,0,4,0,0,1,0,0,0,1,0,0,0,2,0,0,2,0,0,1,0,0,1,0,0,0,0,0,0,0,0,0,0,0,0,0,0,0,0,0,1,0,1,7,3
경범죄처벌법,112,86,86,53,66,97,181,60,201,46,177,87,81,70,58,141,101,71,125,28,162,35,76,105,66,23,21,41,10,108,26,20,43,67,44,25,9,75,31,15,19,22,54,56,30,45,33,103,12,36,13,151,135,70,104,133,47,4,0,18,47,6,41,48,35,32,38,18,34,40,28,64,12,22,235,260,172,63,111,73,128,73,70,185,45,143,100,72,86,14,17,31,99,49,42,22,120,11,54,43,16,86,26,36,23,23,15,21,6,11,99,96,42,36,33,27,13,11,15,748,218
고용보험법,7,41,5,11,10,7,2,3,15,5,79,6,3,29,4,19,69,11,24,4,10,25,33,110,10,1,4,4,2,46,1,12,66,5,6,7,8,4,25,5,6,2,18,5,0,10,15,8,1,24,6,41,25,22,60,33,22,2,1,5,6,2,79,21,2,6,74,7,3,0,1,120,2,2,20,12,26,23,49,61,74,11,41,71,29,63,24,12,68,6,11,33,59,6,18,22,18,25,28,15,10,59,16,41,6,12,2,16,2,2,13,29,27,36,1,8,2,11,5,443,175
공유수면관리및매립에관한법률,0,0,0,0,0,0,0,0,0,0,0,0,0,0,0,0,0,0,0,0,0,0,0,0,0,0,0,0,484,1,0,1,0,0,997,0,1222,0,0,0,0,0,0,0,0,0,0,0,0,3,0,0,0,0,1,0,0,399,0,0,0,0,0,0,0,0,0,0,0,0,0,0,2,1,0,0,0,0,0,0,1685,0,7,7,1,2,3,477,0,0,0,0,0,4,1,0,0,4,1,0,0,0,4,0,0,0,0,3,0,0,0,2,0,0,0,0,7,0,0,233,1627
공유재산및물품관리법,0,0,0,0,0,0,0,0,0,0,0,0,0,1,0,0,0,1,0,0,0,0,0,0,0,0,0,0,1,0,0,1,0,46,2,1,0,0,0,0,0,0,0,0,0,0,0,0,0,3,0,2,0,0,0,0,1,0,2,0,0,0,0,0,0,0,1,0,0,0,0,2,5,0,2,0,7,0,1,0,3,0,0,2,0,0,2,1,0,0,0,0,1,0,1,0,0,1,1,0,0,1,1,1,0,0,0,0,0,2,2,0,0,0,0,3,0,0,0,12,13
공인중개사법,2,3,5,1,4,5,3,4,1,5,4,3,5,3,4,30,3,3,9,9,8,10,21,13,3,2,4,5,1,16,1,5,1,6,7,4,1,5,8,3,3,3,10,7,6,17,14,11,5,3,1,8,8,14,13,5,3,1,1,3,4,1,1,6,4,3,6,7,0,4,2,7,2,7,20,12,14,18,6,9,10,3,27,6,5,15,12,3,3,6,2,9,6,0,2,6,23,6,14,4,1,10,2,4,2,4,2,4,0,1,13,14,10,14,8,2,5,2,2,170,80
공중위생관리법,11,14,37,1,8,7,3,2,1,2,2,5,9,106,1,5,5,3,19,2,7,30,21,27,1,5,1,1,4,40,4,6,4,76,2,3,5,5,200,3,8,28,14,0,2,2,3,3,0,63,2,7,6,10,5,8,0,13,0,5,9,2,8,6,4,3,4,5,2,2,0,0,5,2,4,6,11,9,6,3,2,4,16,7,6,20,125,0,0,2,1,31,7,5,11,4,4,9,5,1,1,2,52,0,0,0,1,16,11,0,8,4,2,8,2,1,1,0,1,189,83
공직선거법,51,25,13,14,23,28,14,27,12,4,32,12,14,43,14,13,13,21,89,13,29,44,25,15,15,10,6,4,2,17,7,9,13,12,13,6,9,13,4,8,10,14,12,6,12,13,40,23,8,10,0,20,16,16,19,10,13,14,1,5,24,17,24,33,12,10,19,12,7,19,5,17,7,15,27,52,93,22,29,29,69,10,19,22,15,22,38,74,14,22,21,15,44,31,15,35,17,6,14,23,12,10,11,15,27,13,11,22,20,7,28,21,13,25,13,21,11,16,7,474,479
관세법,3,4,1,0,0,2,0,0,0,1,0,1,1,0,0,4,0,1,1,1,0,1,6,0,0,15,0,1,0,0,0,9,1,1,0,1,4,1,0,0,0,0,0,3,1,2,0,1,0,98,0,1,1,1,0,1,0,0,0,0,0,0,2,0,0,0,0,0,0,0,0,5,0,2,1,0,1,0,0,2,3,0,0,5,0,4,1,0,0,0,1,0,0,1,0,0,3,0,4,0,1,3,3,0,0,0,0,0,0,0,0,1,1,0,0,0,0,0,0,40,17
교통사고 처리특례법,327,314,285,385,274,462,545,432,383,280,406,429,337,420,383,455,309,591,574,1007,459,817,899,1570,391,164,165,229,117,629,383,226,186,390,316,255,343,215,246,248,178,247,617,299,237,642,692,844,341,238,46,497,378,213,640,394,155,79,17,256,597,200,682,851,494,396,1090,650,270,241,226,388,325,242,1245,1952,1548,1095,813,1461,1144,360,833,1387,361,1318,802,600,703,343,508,527,996,543,690,557,1199,497,864,318,317,740,348,525,276,474,535,288,194,205,1200,1047,684,487,452,248,278,235,206,8856,5443
국가기술자격법,0,0,0,0,0,0,0,0,0,1,0,0,0,1,0,0,0,0,1,0,0,0,0,0,0,0,0,2,0,1,0,0,0,1,0,0,0,6,0,0,0,0,0,0,0,0,0,0,0,0,0,0,0,0,1,0,2,0,0,0,5,0,0,1,0,0,0,0,1,1,0,1,1,0,1,0,2,2,0,0,0,1,0,1,0,2,0,0,0,0,0,0,0,1,1,1,1,0,0,0,0,0,1,0,0,0,0,0,0,0,2,0,0,0,1,0,0,0,0,14,5
국가보안법,5,0,0,1,0,0,0,0,0,0,0,0,2,0,0,0,0,0,0,0,0,0,0,0,0,0,0,0,0,0,0,1,0,0,0,0,0,0,0,0,0,0,0,0,0,0,0,0,0,0,0,0,1,0,0,0,0,0,0,0,0,0,0,0,0,0,0,0,0,0,0,0,0,0,0,0,0,1,0,0,1,0,1,0,0,0,1,0,0,0,0,1,1,0,0,1,0,0,0,0,0,0,1,0,0,0,0,0,0,0,1,0,2,0,0,0,0,0,0,1,3
국민체육진흥법,3,0,0,0,13,3,1,0,0,2,2,2,1,0,0,3,3,0,0,2,1,1,4,1,5,2,0,0,2,4,0,1,1,0,4,2,0,10,0,8,0,0,1,1,1,4,6,7,2,4,0,2,6,1,6,3,0,0,0,0,3,1,2,1,2,2,3,1,2,22,1,0,0,0,4,4,5,1,3,5,3,1,2,2,0,4,1,2,3,1,0,5,1,2,2,0,3,0,2,2,2,4,0,0,1,4,1,0,2,0,0,1,1,1,2,0,2,0,2,47,5
국토의계획및이용에관한법률,2,0,0,0,1,0,0,1,0,0,0,0,0,0,0,2,0,2,0,0,9,0,0,0,1,0,3,0,1,3,1,0,0,1,1,2,0,0,1,2,6,0,1,0,0,0,0,0,2,6,2,8,1,2,2,2,3,0,11,1,7,2,0,1,0,1,19,0,0,2,0,1,1,2,0,1,3,5,0,20,7,0,5,6,15,6,4,1,0,3,1,5,74,1,14,28,11,4,60,3,0,8,10,7,9,6,0,14,6,2,41,15,67,18,12,1,3,6,3,461,286
근로기준법,121,113,101,154,153,118,150,103,85,84,105,94,70,220,76,267,203,261,258,74,122,241,661,356,173,45,33,48,60,167,91,101,94,233,108,77,196,103,81,141,129,78,161,66,54,123,135,224,112,195,40,232,188,98,195,159,64,26,10,61,167,57,161,226,51,35,85,110,52,65,50,207,97,168,110,93,275,328,178,361,384,56,240,477,117,388,275,107,244,152,205,118,342,168,103,212,337,165,289,93,63,292,123,103,59,108,167,59,29,40,112,264,216,218,143,67,117,48,34,4840,1651
근로자퇴직급여보장법,37,46,30,67,39,19,37,28,12,14,30,26,18,88,29,56,68,101,70,16,18,81,194,109,52,17,10,15,19,47,23,25,19,73,51,20,64,21,25,43,32,19,38,30,12,40,24,74,56,41,9,56,37,23,48,29,14,2,1,12,44,18,36,76,9,11,28,30,21,17,20,54,37,51,38,16,67,52,46,98,111,15,44,82,26,95,29,27,42,34,48,34,67,31,12,36,82,26,82,29,23,57,20,29,12,29,44,12,5,12,12,86,56,62,28,14,22,10,6,1213,370
낚시관리및육성법,0,0,0,0,0,0,0,0,0,0,0,0,0,0,0,1,0,0,0,0,0,0,0,0,0,0,0,0,1,0,0,0,0,0,0,0,3,0,0,0,3,0,0,0,0,0,0,0,0,0,0,0,0,0,0,0,0,2,4,0,0,0,0,0,0,0,0,0,0,0,2,0,0,3,0,0,0,0,0,0,1,0,1,0,0,0,474,0,0,0,3,0,1,40,0,0,12,0,0,0,1,0,0,0,0,0,0,100,0,0,0,4,1,0,2,0,0,0,0,169,37
노동조합 및 노동관계조정법,2,5,1,0,3,1,0,1,1,0,0,0,2,6,0,5,2,0,5,2,0,2,4,4,6,1,1,1,1,3,1,9,0,2,2,6,2,0,5,3,2,3,7,1,1,7,5,5,4,8,0,2,2,1,3,8,2,0,0,1,2,4,8,3,1,1,3,1,2,1,3,2,7,5,1,0,4,20,6,1,16,5,13,4,5,2,7,2,0,5,4,3,0,4,11,4,4,5,3,5,4,0,5,0,1,10,3,5,3,0,3,0,3,1,0,1,0,0,0,80,26
농수산물유통 및 가격안정에 관한법률,0,0,0,0,0,0,0,0,0,0,0,0,0,0,0,1,0,0,0,0,0,0,0,1,0,0,0,0,0,0,0,0,0,1,0,0,0,0,0,3,0,0,0,0,0,2,0,0,0,0,0,0,0,0,1,0,0,0,0,0,0,0,0,0,0,0,0,0,0,0,0,0,0,0,0,0,0,0,2,0,0,0,0,0,0,0,0,0,0,0,0,0,0,0,0,0,0,0,0,0,0,0,0,0,0,0,0,0,0,0,0,0,0,0,0,1,0,0,0,0,0
농수산물의원산지표시등에관한법률,9,6,5,4,3,12,14,9,6,5,2,7,5,16,4,9,10,11,9,4,8,9,14,16,7,1,2,2,3,27,24,8,8,27,12,8,9,9,6,5,13,8,22,2,2,28,6,11,5,10,1,23,14,6,14,9,1,0,0,0,17,3,17,9,11,6,15,12,6,6,15,15,6,8,21,4,6,50,12,50,31,10,25,20,11,36,29,25,19,21,12,8,27,16,46,18,10,22,15,20,7,24,22,8,12,16,16,8,3,7,3,18,12,10,12,6,10,16,9,394,204
농지법,0,0,0,0,0,0,0,0,0,0,0,0,0,0,0,0,3,0,0,2,0,0,4,1,0,0,0,0,0,0,0,0,0,0,0,1,0,0,0,0,6,0,2,0,0,0,2,0,2,2,0,2,0,0,1,0,2,4,0,1,1,0,2,5,0,1,0,2,1,0,0,5,1,7,6,8,2,3,0,11,0,9,1,15,3,18,6,0,0,2,3,4,7,2,0,12,71,23,2,2,0,10,3,7,0,5,25,5,0,0,16,202,34,5,4,0,1,8,7,294,190
대기환경보전법,2,1,3,13,1,14,4,3,1,1,3,1,0,1,2,9,3,4,7,1,2,6,16,3,2,4,3,1,3,2,1,1,4,1,28,4,30,1,2,24,10,2,1,5,0,10,1,10,28,20,7,63,9,7,27,15,6,15,1,0,5,0,11,28,0,5,2,14,14,0,0,7,5,16,16,5,3,7,3,30,36,2,14,38,5,19,16,1,5,21,14,11,54,25,2,4,51,28,87,5,1,21,0,7,5,7,8,7,5,12,69,34,45,11,20,2,1,2,12,953,300
대부업등의등록및금융이용자보호에관한법률,5,3,0,55,4,1,10,3,2,2,12,11,5,6,4,4,6,14,5,8,12,16,25,8,13,3,3,1,0,12,0,109,6,5,5,0,3,13,4,4,5,3,13,4,2,5,11,47,3,3,0,10,5,2,6,8,2,0,0,1,8,3,5,4,1,2,8,7,0,6,1,10,0,2,14,21,17,18,2,2,16,2,0,15,4,14,22,2,10,2,6,2,6,3,5,2,9,4,7,2,1,2,2,2,3,4,3,2,1,3,4,9,0,6,7,3,2,2,0,98,33
도로교통법,45,32,120,172,126,113,76,94,52,17,102,40,40,171,64,69,32,58,134,94,48,187,207,192,52,14,20,23,13,68,56,52,29,137,48,38,59,26,43,34,68,31,77,19,22,63,72,127,41,89,4,211,56,50,112,67,120,10,2,39,108,27,54,115,25,23,46,33,21,31,43,60,91,189,196,247,200,73,63,209,209,54,59,208,46,213,171,64,103,8,40,100,209,63,69,58,191,54,152,54,46,93,28,72,36,31,72,67,59,18,331,191,98,69,124,59,24,25,41,1758,1031
도로교통법(무면허운전),117,62,44,89,56,105,75,87,141,41,73,59,43,124,42,94,70,71,93,83,119,143,198,95,49,45,34,29,35,171,58,91,207,94,93,94,59,61,71,85,73,81,112,141,120,238,149,253,125,72,11,186,193,66,193,257,62,34,5,30,97,63,115,142,116,61,63,92,52,77,95,177,88,128,211,423,160,116,99,346,270,47,182,234,97,166,260,115,121,94,101,183,240,125,167,116,738,111,180,102,48,135,138,110,58,151,136,113,90,54,286,144,156,133,108,44,82,58,64,2230,2127
도로교통법(사고후미조치),24,32,12,17,19,27,25,30,9,15,28,17,24,66,15,30,40,25,47,17,13,193,61,16,19,15,23,24,3,28,13,18,4,33,20,12,10,7,9,8,3,23,45,23,33,35,32,84,17,30,6,37,12,19,82,32,23,27,2,15,86,30,55,72,13,9,22,14,10,23,77,40,44,21,235,344,102,87,75,102,122,30,31,293,19,130,128,57,43,45,41,126,183,107,25,71,246,25,84,24,14,81,36,37,30,16,18,30,34,14,149,238,61,51,116,15,19,23,29,1289,718
도로교통법(음주운전),237,190,423,305,347,326,367,428,378,192,388,347,237,627,345,697,342,278,760,284,481,629,1227,740,417,77,163,114,213,401,339,218,259,473,284,190,406,189,256,345,507,459,802,508,455,1087,676,1066,525,559,49,918,665,429,1025,805,462,167,58,266,913,416,790,1222,357,383,682,558,380,300,471,885,527,618,1775,2291,1537,1246,869,1857,1895,354,1147,1677,778,1753,1463,619,763,563,541,1181,1800,862,475,922,2166,641,1047,725,297,1387,635,446,300,529,914,662,253,180,1570,1707,1087,702,575,441,498,264,255,13288,8475
도로교통법(음주측정거부),8,10,31,12,12,15,8,21,14,7,11,11,10,30,18,49,9,9,19,4,26,40,90,31,11,4,3,1,4,11,13,8,7,33,11,3,11,6,8,9,21,5,22,10,9,25,22,29,17,18,1,35,26,19,31,25,14,5,1,7,21,9,22,32,19,17,19,29,14,12,12,40,11,23,38,89,53,47,29,83,51,22,28,72,30,71,70,35,32,18,12,48,69,35,23,33,61,20,59,21,4,48,33,23,9,32,45,28,14,10,70,48,37,33,28,9,50,13,15,528,437
도로법,5,4,2,2,4,6,6,3,1,1,2,6,3,6,10,7,6,7,9,2,6,22,16,8,5,0,3,7,1,8,3,15,4,8,4,86,122,1,3,4,21,1,31,17,0,57,5,65,71,47,5,168,14,23,151,10,73,0,0,3,7,1,24,53,8,24,7,42,20,1,0,12,3,34,23,66,343,23,8,33,208,4,65,173,23,30,8,8,15,14,33,30,123,10,31,52,263,32,228,48,23,77,58,25,10,36,302,1,13,40,190,400,42,50,43,484,44,26,10,1329,826
도시및주거환경정비법,3,2,20,9,2,9,2,6,3,2,7,16,14,2,1,2,4,0,5,15,1,4,8,9,3,0,0,2,2,22,3,9,1,3,7,6,0,5,6,4,0,18,3,4,6,0,10,6,0,1,3,0,5,1,3,10,0,0,0,11,5,0,9,0,5,8,0,0,5,0,0,5,0,0,2,2,1,3,16,3,9,2,0,1,0,4,0,6,6,0,10,1,2,0,0,13,2,3,0,0,0,47,1,0,0,0,0,3,0,0,0,4,3,1,0,1,0,0,0,18,0
독점규제 및 공정거래에 관한법률,1,0,0,0,0,0,0,0,0,0,0,0,0,0,0,1,0,1,1,0,0,3,5,0,1,0,0,0,0,0,0,0,0,0,0,0,0,0,0,0,0,0,0,0,0,0,0,0,0,0,0,0,0,0,0,0,0,0,0,0,0,0,0,0,1,0,0,1,0,0,0,0,0,0,0,2,1,0,0,0,0,0,0,0,0,0,0,0,0,0,0,1,0,0,0,0,0,0,0,0,0,0,0,0,0,0,0,0,0,0,0,0,0,0,0,0,0,0,0,12,1
디자인보호법,3,2,2,2,0,0,0,0,0,1,1,1,0,2,1,3,1,3,2,1,1,1,4,1,0,0,0,1,0,2,0,0,0,1,1,1,1,1,1,0,0,1,1,1,0,1,6,3,0,1,1,5,1,1,1,2,0,2,0,1,2,1,2,3,0,0,2,0,1,0,0,0,0,0,5,2,1,1,1,1,1,0,1,0,2,5,1,0,1,0,0,3,3,1,2,0,0,0,1,1,1,3,0,1,0,3,1,0,0,0,4,2,4,2,2,0,0,0,1,31,2
마약류관리에 관한 법률(대마),9,33,40,17,13,11,2,10,15,2,5,8,9,57,9,37,9,13,19,20,21,45,393,29,11,4,0,5,1,16,5,5,2,12,6,3,4,6,7,2,3,3,3,5,3,7,2,5,1,286,1,18,19,13,17,10,7,1,1,1,4,1,4,12,3,1,5,1,0,1,4,7,1,4,11,27,15,5,10,13,14,3,0,14,2,21,4,2,11,3,3,1,21,0,4,4,15,8,28,1,3,9,1,5,8,2,2,0,3,2,29,4,17,3,6,3,5,4,4,189,53
마약류관리에 관한 법률(마약),2,9,4,6,3,2,2,5,2,7,2,5,5,23,4,3,2,5,6,6,16,6,23,0,2,0,7,4,1,8,1,15,2,13,6,1,4,3,3,17,15,10,2,0,3,3,4,9,11,50,0,0,1,0,2,4,0,1,2,2,3,6,2,2,2,2,4,4,0,1,1,2,2,6,1,20,7,3,5,33,16,5,7,14,2,30,3,13,1,4,3,34,31,24,42,19,26,22,13,24,0,40,5,76,17,13,11,14,9,3,34,4,28,11,30,8,9,10,0,340,630
마약류관리에 관한 법률(향정),79,73,43,23,40,59,41,35,64,27,38,27,19,55,25,75,67,59,95,40,106,140,562,76,67,26,16,46,9,171,27,71,37,58,42,23,24,74,27,51,15,22,46,20,25,37,33,54,24,514,11,541,146,59,107,73,19,3,2,8,33,5,10,59,19,16,27,24,7,11,17,27,13,13,80,172,64,28,57,68,215,21,22,125,51,73,38,16,86,14,13,25,68,9,39,47,91,24,101,15,11,46,5,22,12,14,23,14,7,15,44,97,16,41,13,16,31,5,8,670,374
물환경보전법,2,1,3,0,0,0,0,0,0,0,0,0,0,0,0,0,0,0,0,0,0,0,0,1,0,0,0,1,0,1,0,0,0,0,0,0,15,0,0,4,10,0,0,1,0,0,0,2,6,1,1,4,3,1,4,4,0,0,0,0,1,0,1,1,0,1,2,0,2,0,0,4,0,6,1,1,1,1,3,2,12,2,2,11,6,3,9,2,2,5,1,1,7,3,1,3,18,5,33,0,1,15,0,7,1,5,3,5,4,9,11,9,7,2,4,3,3,1,1,210,74
배타적경제수역에서의 외국인어업등에 관한 주권적권리의 행사에 관한법률,0,0,0,0,0,0,0,0,0,0,0,0,0,0,0,0,0,0,0,0,0,0,0,0,0,0,0,0,0,0,0,0,0,0,0,0,0,0,0,0,0,0,0,0,0,0,0,0,0,0,0,0,0,0,0,0,0,0,4,0,0,0,0,0,0,0,0,0,0,0,0,0,0,0,0,0,0,0,0,0,0,0,0,0,0,0,7,0,0,0,3,0,0,0,0,0,0,0,0,0,0,0,0,0,0,0,0,0,0,0,0,0,0,0,0,0,0,0,0,3,33
범죄수익은닉의 규제 및 처벌 등에 관한법률,17,5,9,2,1,3,1,1,1,1,1,2,5,3,1,5,3,1,9,2,3,2,21,6,5,2,1,3,1,4,3,1,2,2,1,2,28,3,3,0,0,13,3,1,1,6,16,8,2,6,0,1,5,2,7,4,4,0,0,4,7,3,2,4,3,1,6,4,5,5,0,4,3,1,8,10,15,14,6,4,16,2,6,8,4,9,4,6,6,1,3,9,12,1,3,3,2,2,5,5,0,4,1,4,1,3,2,1,1,0,5,2,4,5,1,2,0,1,1,146,97
변호사법,3,1,0,1,1,3,0,1,2,1,1,3,3,3,3,1,1,2,6,2,5,24,19,6,2,1,0,0,0,1,1,1,1,9,0,2,3,6,0,2,2,0,3,1,0,0,8,0,0,2,0,2,2,1,4,0,0,1,0,5,5,0,3,0,1,0,9,1,0,1,0,3,0,0,9,10,5,9,0,3,3,0,1,3,1,4,2,2,1,1,2,1,3,3,1,1,1,2,1,2,1,4,3,3,1,2,2,1,0,0,2,2,4,3,2,0,3,1,1,59,23
병역법,10,5,18,16,29,39,19,15,26,25,40,33,18,27,22,50,26,32,75,33,76,35,45,34,31,1,3,2,4,18,6,10,9,13,10,7,6,4,9,5,2,8,41,22,15,39,20,35,4,10,1,38,62,14,56,57,40,2,0,17,11,3,19,27,8,14,23,10,8,6,4,13,8,2,46,110,61,22,57,41,42,15,25,45,13,107,27,21,36,18,17,37,27,14,7,19,54,9,24,4,18,88,14,11,9,24,16,3,12,3,87,30,53,18,38,20,4,5,14,593,169
보조금관리에관한법률,2,3,1,3,3,1,0,1,1,0,2,1,2,4,4,3,3,3,3,6,1,7,8,3,0,0,0,2,0,4,1,4,1,5,1,1,0,1,3,3,2,4,3,2,2,3,2,9,4,0,0,1,0,2,1,1,1,0,0,10,4,1,5,3,2,3,5,0,1,77,0,11,1,5,2,4,2,5,4,7,7,0,3,9,3,4,4,1,0,5,4,0,2,0,3,0,11,1,6,2,0,3,0,4,0,2,3,548,3,2,3,1,2,3,0,1,3,2,1,164,65
부동산 실권리자 명의등기에 관한법률,1,0,1,2,3,5,3,1,0,2,0,0,3,0,1,5,3,1,13,5,2,7,6,2,4,0,0,3,0,4,1,0,0,1,0,1,1,2,0,1,0,1,3,0,0,1,2,2,1,0,0,4,1,3,1,3,2,0,0,1,4,1,1,2,4,1,4,1,2,2,2,5,1,5,10,8,7,2,1,4,4,0,2,2,0,12,2,0,3,1,1,0,2,10,5,2,5,0,3,0,0,6,1,3,0,0,0,6,0,1,12,7,4,4,1,0,2,0,1,66,38
부정경쟁방지 및 영업비밀보호에 관한법률,8,13,7,9,3,13,6,2,4,0,5,2,3,5,2,4,9,16,8,5,8,16,32,8,4,1,0,0,0,0,1,1,2,6,2,2,1,2,0,2,1,1,0,0,1,1,2,0,3,2,0,14,0,6,4,4,3,1,0,2,0,0,3,3,5,0,3,11,1,1,3,2,2,3,8,8,13,11,6,7,5,2,0,7,3,15,7,0,6,1,2,11,24,0,1,2,16,0,5,2,0,5,2,0,0,0,3,2,0,0,9,4,6,2,3,1,1,0,1,104,13
부정수표단속법,39,9,2,5,7,5,0,3,7,1,1,7,1,4,1,4,2,2,5,3,0,6,3,4,2,7,2,2,0,30,7,0,0,44,11,2,8,3,3,2,0,20,4,15,0,6,2,5,0,1,0,1,1,0,3,4,1,0,0,0,1,1,0,0,0,1,2,0,1,6,0,1,1,0,2,11,8,0,1,2,11,1,1,5,0,6,5,0,10,1,1,0,0,6,0,3,1,0,1,0,1,41,0,27,0,11,0,0,0,1,2,1,7,8,0,1,3,0,3,54,6
사행행위 등 규제 및 처벌특례법,0,0,1,0,0,1,2,2,0,0,4,0,1,0,3,0,15,0,4,0,1,2,0,0,12,0,0,0,0,3,2,1,4,0,1,0,0,1,0,2,0,0,0,0,0,0,0,1,0,0,0,1,2,0,2,0,4,0,0,0,3,1,3,2,2,2,2,0,0,0,0,0,0,0,1,2,10,0,0,7,3,0,1,2,2,0,1,0,2,0,0,3,1,1,0,0,1,0,5,2,0,3,1,1,0,0,0,5,0,0,0,1,1,0,0,0,0,0,1,22,6
산림자원의조성및관리에관한법률,2,0,0,0,0,0,0,1,0,0,0,0,0,0,0,0,0,0,0,0,0,0,0,0,0,0,0,0,0,0,0,0,0,0,1,1,0,0,0,0,2,0,1,0,0,0,1,0,2,0,0,1,1,0,0,1,0,4,1,2,1,1,1,0,0,0,0,0,0,0,0,0,0,0,0,0,1,1,0,9,1,0,1,2,1,1,6,0,0,8,1,1,3,1,5,3,0,3,2,10,1,2,21,4,8,4,4,0,3,11,6,0,5,1,13,1,7,5,3,161,296
산업안전보건법,19,23,6,19,8,15,19,14,11,2,7,2,5,10,9,12,5,28,15,4,8,21,28,29,17,5,4,11,6,22,18,6,7,9,24,11,28,14,13,30,41,10,18,7,2,6,14,21,9,40,1,55,32,29,33,20,5,7,5,9,15,7,13,25,9,12,17,23,23,7,9,25,7,46,12,9,41,24,36,78,51,21,50,95,14,54,26,5,29,36,47,20,65,58,21,22,49,22,25,16,18,70,36,37,15,20,64,15,19,11,17,66,58,22,31,9,24,17,8,992,285
산지관리법,0,0,0,0,0,0,0,1,3,1,0,0,0,0,0,0,1,0,0,0,0,3,0,0,1,0,0,0,1,0,0,0,2,0,0,1,3,0,0,0,6,0,0,0,0,1,2,0,1,2,1,3,10,2,2,3,2,19,4,3,0,0,2,0,1,0,0,0,2,0,0,0,1,3,1,2,10,12,0,28,6,0,11,10,2,37,26,0,5,13,3,8,31,0,24,13,12,12,10,5,1,40,25,43,14,17,66,4,23,28,21,4,45,2,44,1,38,19,19,679,706
상표법,37,439,28,10,8,16,7,17,10,11,10,15,11,27,24,27,13,11,20,3,16,66,88,38,9,73,5,13,5,26,5,20,10,23,9,17,12,7,9,26,6,79,7,6,4,29,15,14,4,48,4,18,25,19,16,32,8,2,0,6,5,3,6,7,15,15,20,7,0,7,1,9,6,1,59,28,52,16,34,35,25,5,15,36,3,56,7,2,26,3,9,14,24,4,3,13,19,4,16,1,7,52,5,3,4,7,15,3,8,0,38,32,20,7,5,17,2,2,0,300,56
석유및석유대체연료사업법,0,0,1,1,0,1,1,0,0,0,0,0,0,0,0,0,0,0,0,0,0,0,0,0,0,2,1,6,1,1,0,0,0,2,1,1,1,0,1,0,1,0,6,3,0,5,1,2,2,3,3,6,6,0,0,4,1,0,0,0,5,0,1,7,2,0,0,1,3,1,0,1,0,2,0,1,0,5,0,2,3,0,2,2,1,2,0,1,0,6,20,4,8,161,0,1,0,6,7,0,0,5,2,1,2,5,1,1,0,1,6,2,2,3,2,1,1,2,3,62,43
선박안전법,0,0,0,0,0,0,0,0,0,0,0,0,0,0,0,0,0,0,0,0,0,0,0,0,0,0,0,5,12,0,0,1,0,0,0,0,4,0,0,0,0,0,0,0,0,0,0,0,0,11,0,1,0,0,0,0,0,0,2,0,0,0,0,0,0,0,0,0,0,0,0,1,0,3,0,0,0,0,0,0,2,0,6,0,0,0,2,16,0,0,194,0,0,16,0,0,1,0,0,0,0,0,4,0,0,0,0,3,0,0,0,0,0,0,0,0,1,0,0,1138,266
선박직원법,0,0,0,0,0,0,0,0,0,0,0,0,0,0,0,0,0,0,0,0,0,0,0,0,0,0,2,1,6,0,0,0,0,1,0,0,2,0,0,0,0,0,0,0,0,0,0,0,0,41,1,135,0,15,0,0,0,2,1949,0,0,0,0,0,0,0,0,0,0,0,0,1,0,0,0,0,0,0,0,0,3,0,48,0,0,0,114,36,0,0,36,0,0,1610,0,0,0,1,0,0,0,0,3,0,0,0,0,221,0,0,0,0,0,0,0,0,0,0,0,234,2555
성매매알선등행위의처벌에관한법률,6,16,4,11,11,11,11,17,15,10,11,19,19,20,4,49,23,8,30,12,47,7,79,20,5,5,27,17,2,82,13,53,5,154,47,3,83,16,8,7,7,1,16,8,3,9,10,32,2,6,11,32,39,16,55,27,13,0,0,4,43,6,49,30,3,10,13,16,3,4,2,23,1,3,105,105,67,115,41,22,46,12,15,83,10,35,46,6,23,10,9,5,38,31,14,102,21,5,13,5,32,12,15,0,5,8,4,9,2,0,792,50,20,11,8,8,5,0,1,240,60
수도법,0,0,0,1,2,0,0,0,0,0,0,0,0,0,0,0,0,0,0,0,0,1,1,0,0,0,0,0,0,0,0,0,0,0,0,1,1,0,0,0,0,0,1,0,0,0,0,1,4,0,0,2,0,0,0,0,0,0,0,0,0,0,0,0,1,1,0,0,3,0,0,0,0,0,0,0,2,0,1,5,1,0,0,1,3,2,0,0,0,2,0,0,2,0,0,0,0,0,1,0,1,3,1,0,0,0,0,3,0,0,0,0,0,0,0,0,0,0,0,18,8
수산업법,0,0,0,0,0,0,0,0,0,0,0,0,0,0,0,0,0,0,0,0,0,0,0,0,0,0,0,0,0,0,0,0,0,0,5,0,8,0,0,0,0,0,0,0,0,0,0,0,0,2,0,2,1,0,0,1,0,1,19,0,0,0,0,0,0,0,0,0,0,0,0,0,1,0,0,0,0,0,0,0,13,0,67,0,0,0,23,7,0,0,47,0,0,46,0,0,0,1,0,0,0,0,9,0,0,0,0,8,0,0,0,1,0,0,0,0,2,0,0,55,842
수산자원관리법,0,0,0,0,0,0,0,0,0,0,0,0,0,0,0,0,0,0,0,0,0,0,0,0,0,3,0,0,3,0,0,0,1,0,2,0,15,0,0,0,0,0,0,0,0,0,0,0,0,7,0,1,2,3,2,0,0,1,4,0,3,0,0,0,0,0,0,0,0,0,1,1,0,3,0,0,0,0,0,0,12,0,33,1,0,0,10,7,0,0,30,0,0,6,0,0,2,0,0,3,0,1,6,0,0,0,0,7,0,0,0,0,0,0,0,0,1,0,0,90,2181
스토킹범죄의처벌등에관한법률,40,62,71,59,83,62,82,70,93,60,101,66,88,120,109,263,111,62,136,76,135,108,158,141,86,12,6,27,13,85,43,51,32,91,50,32,20,56,49,61,34,24,63,39,25,63,80,102,32,37,17,149,124,60,168,163,63,9,2,19,77,29,61,63,68,31,97,84,34,31,17,81,33,40,237,240,151,159,109,145,160,65,75,168,87,180,233,59,98,34,43,89,107,55,70,107,159,34,111,75,29,82,44,24,16,43,36,62,30,10,157,102,112,51,28,43,32,16,14,1053,456
식품위생법,66,29,37,33,22,55,15,26,44,21,54,36,16,103,34,39,46,16,29,12,40,45,166,50,32,22,36,25,70,107,51,41,30,516,42,69,42,23,37,45,47,6,16,5,6,13,11,14,21,35,6,39,38,27,89,51,20,13,2,10,20,21,23,32,11,15,22,15,14,5,7,22,7,1,27,100,82,59,35,30,94,15,21,54,38,86,56,14,20,19,19,8,58,37,10,27,52,9,54,9,16,46,16,5,3,19,25,34,12,14,34,48,40,23,14,13,10,8,6,626,401
신용정보의 이용 및 보호에 관한법률,1,0,0,0,0,0,0,0,1,0,0,0,0,1,0,0,2,1,1,1,1,0,2,0,0,0,0,0,0,2,0,0,0,0,0,0,0,3,0,1,0,0,0,0,0,1,0,2,0,0,0,0,1,0,0,0,0,0,0,0,0,0,0,0,0,0,0,0,0,0,0,0,0,0,0,0,0,1,0,0,0,0,0,0,0,1,0,0,1,0,0,0,0,0,0,0,0,0,1,0,0,0,0,0,0,1,0,0,0,1,0,0,0,0,0,0,0,0,0,2,0
아동·청소년의성보호에관한법률(성매수등),0,2,0,0,1,1,1,1,1,2,1,0,1,3,1,3,2,1,2,1,4,5,1,3,7,2,0,0,0,7,0,1,1,0,0,0,0,0,0,0,1,1,3,4,1,2,3,5,0,0,1,5,7,2,5,9,1,1,0,2,3,0,1,4,3,2,1,0,1,1,2,3,2,1,4,9,5,7,2,7,11,1,1,11,0,5,2,2,6,2,3,6,10,9,4,5,3,0,2,0,0,1,0,2,1,2,0,2,1,0,6,1,1,3,0,1,0,0,1,43,12
아동·청소년의성보호에관한법률(성착취물등),6,0,10,8,10,13,10,14,10,15,17,6,8,5,10,7,7,15,6,11,14,6,12,13,14,0,7,2,5,9,10,7,5,8,6,5,2,64,1,10,10,3,5,4,2,19,26,23,3,5,2,25,15,14,18,20,13,4,2,3,10,6,15,4,5,13,17,3,10,10,5,8,11,6,24,61,22,21,12,16,34,11,13,52,10,19,18,7,14,13,9,22,24,6,3,11,19,3,18,7,6,19,6,4,9,7,9,6,2,1,26,12,9,16,6,6,6,4,3,246,70
아동복지법,30,19,44,46,64,39,84,86,90,76,116,124,64,93,220,144,89,67,59,53,74,67,96,111,144,9,21,18,40,62,61,40,33,74,57,58,37,41,20,41,59,14,72,54,38,77,49,143,79,55,16,210,113,65,139,142,50,22,4,18,48,41,82,69,104,56,165,103,45,68,57,70,59,61,352,305,236,183,103,151,181,82,75,251,43,196,198,83,155,54,43,75,142,45,79,82,153,34,157,60,61,174,39,28,19,26,72,92,15,9,290,149,137,76,50,53,56,32,17,1611,659
액화석유가스의 안전관리 및 사업법,0,0,0,0,0,0,0,0,0,1,0,0,0,0,0,1,0,0,0,0,0,0,0,0,0,0,0,0,0,0,0,0,0,1,0,0,0,0,0,0,0,0,1,0,0,0,1,0,0,0,0,3,0,0,0,1,1,0,0,0,0,1,0,0,0,1,0,0,1,0,0,0,0,1,0,0,0,2,0,2,1,0,0,0,0,1,7,0,1,5,0,2,0,1,0,0,2,1,0,1,0,0,0,0,0,0,1,1,11,0,9,1,0,0,1,0,2,0,0,21,21
약사법,39,11,3,6,7,9,16,3,1,4,10,12,5,17,10,7,13,5,19,7,5,13,23,9,11,6,5,5,5,10,11,4,3,5,7,1,4,5,0,3,6,10,3,11,5,7,5,4,2,15,2,10,7,6,8,6,3,0,0,4,11,2,9,11,3,13,6,8,4,2,1,4,1,2,20,13,17,7,14,9,11,3,8,13,2,17,15,2,10,5,5,8,5,0,10,3,7,0,11,0,6,12,9,2,1,5,2,7,1,2,19,8,5,1,6,3,7,2,0,134,53
여객자동차운수사업법,0,3,1,0,2,2,1,2,0,0,3,2,1,1,1,3,2,0,2,1,1,2,9,3,0,0,0,1,1,1,0,16,0,2,4,1,15,3,3,0,0,0,0,0,0,0,1,1,0,6,0,1,0,3,2,1,0,0,1,0,1,1,2,4,1,0,1,0,0,0,0,3,0,0,4,10,2,3,0,2,5,0,0,14,0,1,6,4,0,3,0,4,11,2,1,0,9,0,2,1,0,0,2,1,0,2,1,0,0,0,4,9,1,6,6,2,3,0,0,90,21
여신전문금융업법,16,10,12,14,14,24,5,15,3,5,17,9,4,16,16,12,13,11,15,7,14,24,55,39,11,17,9,10,14,67,29,21,27,37,23,27,7,12,23,18,17,11,32,7,9,29,6,18,7,9,1,9,14,8,9,19,7,7,0,5,20,10,30,23,16,13,28,25,5,5,1,19,3,7,34,37,38,43,26,58,67,5,8,21,6,29,18,12,5,9,7,16,32,19,15,19,26,8,31,11,6,12,1,10,4,11,8,10,4,5,46,26,23,17,9,4,10,10,4,262,97
영유아보육법,0,0,0,0,0,0,3,0,0,0,1,0,0,1,2,0,0,0,0,0,0,0,0,2,0,0,0,2,0,1,0,0,0,0,0,0,0,1,0,0,1,0,0,0,0,0,0,1,0,1,0,1,2,1,1,1,2,0,0,0,0,1,0,0,1,1,1,0,0,2,2,0,2,1,5,5,1,2,1,3,2,0,1,1,0,1,0,0,1,0,0,1,2,0,2,2,6,0,0,0,0,0,1,2,0,1,5,1,0,1,2,4,1,3,1,2,0,0,0,22,1
예비군법,1,0,19,4,12,10,5,3,7,3,9,4,3,5,1,11,3,6,3,5,14,21,32,1,6,1,1,0,3,7,2,7,8,12,7,1,1,1,1,8,1,5,5,6,2,1,1,6,1,4,0,9,47,17,30,10,7,3,1,2,1,0,19,12,2,3,2,4,1,1,3,19,4,4,26,1,21,16,10,1,14,3,8,7,0,19,6,2,10,12,3,30,7,7,0,13,4,5,14,4,0,22,12,1,0,11,7,8,3,3,19,19,10,7,3,5,0,4,5,182,51
옥외광고물등의 관리와 옥외광고산업진흥에 관한법률,0,2,1,0,0,0,0,0,1,0,0,2,2,3,0,0,0,0,5,0,0,0,1,0,0,0,0,1,3,2,0,3,0,1,0,0,3,0,1,0,0,1,0,0,0,0,1,3,0,0,0,2,0,1,0,0,0,0,0,0,0,0,2,0,1,3,1,4,0,0,1,0,0,0,1,0,0,1,0,0,15,0,0,2,0,2,6,1,1,0,1,2,1,0,0,0,0,1,0,0,0,1,0,0,0,0,0,0,0,0,14,1,5,0,0,0,0,0,0,7,39
외국환거래법,2,10,5,0,3,1,0,1,0,0,0,1,2,2,1,6,2,4,6,0,3,4,18,2,1,2,0,0,0,0,0,0,0,2,0,1,9,1,0,5,0,0,0,3,0,0,0,0,0,77,0,1,0,3,2,2,0,0,0,0,0,0,1,1,1,0,1,3,0,0,0,1,0,0,6,1,3,1,3,4,5,0,0,4,149,2,4,0,1,0,0,0,1,1,0,0,1,0,3,0,1,0,0,0,0,0,0,0,0,0,2,0,0,1,0,0,2,1,0,42,21
위험물안전관리법,0,0,0,0,0,0,0,1,0,0,1,2,0,0,2,1,0,1,1,0,0,0,1,2,0,0,0,2,1,2,0,3,0,2,1,0,2,0,0,3,2,0,2,1,1,5,2,4,6,5,0,9,4,4,3,6,0,1,0,0,1,0,0,0,3,2,0,0,1,0,1,5,1,14,8,0,4,6,1,4,1,0,3,21,4,15,4,1,3,7,9,2,8,3,2,1,8,3,8,1,1,5,3,4,0,4,3,2,2,6,1,6,9,4,3,1,4,1,7,150,62
유사 수신행위의 규제에 관한법률,3,0,2,7,6,0,1,5,3,3,1,5,0,1,1,9,36,9,13,4,32,28,225,9,2,1,0,1,0,19,2,4,0,30,1,0,2,15,3,0,1,3,10,2,2,1,8,4,2,3,0,11,3,7,9,19,4,0,0,4,10,3,7,6,6,5,6,2,0,1,0,3,1,2,15,11,3,10,5,26,15,1,3,4,2,11,13,3,15,2,4,2,15,2,1,1,4,1,6,9,3,8,1,2,1,1,6,0,0,0,1,5,3,1,0,4,2,1,0,70,14
의료기기법,1,3,2,6,1,5,6,0,2,4,1,0,3,3,1,4,4,9,6,2,2,6,0,3,1,1,0,0,1,3,3,1,0,4,1,1,0,1,3,0,1,1,0,0,1,3,1,0,0,1,0,1,1,3,1,4,0,0,0,3,0,0,1,1,2,1,1,3,0,1,0,1,0,0,6,4,5,2,1,2,2,4,0,4,0,6,1,1,1,0,0,2,2,1,0,1,1,0,3,0,1,1,0,0,0,0,3,0,0,2,4,3,0,2,2,2,0,0,0,35,11
의료법,15,14,11,8,16,13,17,22,23,6,10,11,20,31,20,18,7,11,27,20,39,63,94,27,15,7,5,14,2,33,22,7,7,10,11,6,8,10,4,8,4,10,6,8,10,9,15,14,8,10,2,21,19,11,18,22,12,3,0,12,36,5,19,17,10,6,21,10,3,11,2,20,3,3,38,47,52,24,22,31,29,9,14,26,9,35,23,2,11,14,12,11,33,6,11,16,33,5,31,12,5,19,9,6,3,27,8,9,6,3,31,19,10,16,4,8,6,6,1,173,78
자동차관리법,388,338,359,191,151,253,266,337,236,159,260,262,175,209,199,333,201,246,346,280,499,291,463,248,120,112,86,118,74,493,236,227,154,361,253,144,136,152,152,190,107,150,160,95,96,188,146,280,139,196,25,258,242,164,264,186,102,12,1,106,298,118,193,360,85,133,153,115,78,99,37,136,62,101,390,507,279,486,162,458,482,81,125,376,122,432,167,74,237,128,106,110,329,67,120,101,2911,75,356,73,56,245,60,47,30,107,129,84,60,20,278,228,115,199,81,79,44,24,26,2733,1161
자동차손해배상보장법,40,17,44,32,41,46,34,23,43,15,32,22,20,23,32,55,28,30,64,24,52,104,83,42,32,29,29,46,23,200,37,71,143,89,80,54,87,28,33,109,91,48,69,43,64,130,124,144,78,66,25,161,105,50,126,68,54,8,2,23,89,36,69,108,58,51,53,46,36,63,42,104,92,175,47,165,121,151,43,294,324,13,308,155,70,211,265,36,64,189,268,132,368,208,63,56,324,91,108,50,24,66,121,81,26,77,224,39,85,34,132,76,100,66,120,16,39,25,35,3369,1489
자본시장과금융투자업에관한법률,2,8,2,8,2,2,3,1,9,1,2,0,1,7,9,3,9,22,84,2,5,19,74,11,1,0,0,1,1,2,2,3,1,6,0,1,0,0,1,0,2,0,0,0,0,1,2,0,0,0,0,4,1,4,0,5,0,0,0,1,1,1,0,0,0,0,2,2,0,1,0,1,0,4,15,7,8,13,5,7,1,1,0,2,0,1,0,0,0,0,0,1,2,0,37,1,3,1,2,0,0,4,0,1,0,0,0,0,0,0,2,1,0,1,0,0,0,0,0,64,19
저작권법,69,125,79,81,54,49,33,39,31,31,98,63,37,101,45,93,188,145,66,54,53,219,457,127,65,9,7,10,7,33,21,21,23,75,21,27,43,34,11,37,18,21,39,20,8,53,29,59,18,26,9,119,62,63,106,241,49,5,0,8,28,9,176,55,5,21,66,65,21,20,8,27,22,31,177,121,307,59,219,84,167,49,36,121,37,256,32,13,75,21,20,137,96,15,49,60,111,18,96,14,52,60,16,39,17,42,84,13,15,8,97,158,146,43,12,19,14,10,13,1993,225
전자금융거래법,31,59,26,30,52,44,28,33,33,61,53,34,26,30,43,51,55,69,82,52,82,58,109,78,67,20,19,19,23,52,30,62,152,51,54,59,18,299,22,76,16,20,42,24,19,140,53,97,10,25,8,74,98,57,84,80,51,6,3,16,44,28,74,140,23,53,104,53,34,32,19,75,64,25,144,197,131,100,62,125,222,50,79,169,54,184,129,46,101,30,230,78,203,34,37,43,117,237,72,43,212,72,20,129,22,32,45,25,24,12,129,73,70,60,44,32,19,9,14,1555,478
전파법,5,3,2,2,1,5,1,2,1,0,0,1,1,2,2,3,7,11,5,1,2,5,6,8,1,0,1,1,0,3,1,3,0,2,3,2,7,1,0,7,3,0,2,2,0,2,1,6,1,4,0,8,2,4,2,5,3,0,0,1,1,0,0,0,1,1,0,3,0,0,0,1,2,0,8,7,11,0,8,7,3,2,4,3,2,9,15,0,4,2,0,6,7,2,2,0,3,0,3,1,5,7,8,3,0,3,1,0,0,1,6,10,4,5,6,0,0,4,0,77,31
정보통신망이용촉진 및 정보보호 등에 관한법률,111,119,271,144,169,126,97,126,80,161,130,138,139,199,93,207,144,112,232,53,173,438,736,313,152,28,22,44,26,157,69,95,51,152,76,83,53,99,38,54,66,46,81,19,33,115,88,104,39,66,7,475,148,327,215,201,60,12,1,28,96,31,79,80,35,67,245,103,34,25,18,64,27,31,223,437,670,182,136,180,232,115,114,143,104,417,148,57,166,55,92,100,144,76,102,97,227,36,137,70,87,176,86,60,40,64,152,51,26,16,281,116,153,98,38,95,26,32,29,3791,534
조세범 처벌법,14,18,13,24,9,25,9,5,17,7,4,9,10,27,9,26,37,21,46,7,7,36,86,44,16,5,3,6,4,14,13,9,10,11,9,7,11,16,2,11,12,7,13,5,6,13,9,13,6,7,7,27,15,13,34,16,8,3,0,2,22,3,12,25,18,8,26,15,11,3,5,13,6,21,50,56,27,32,24,26,39,8,14,57,17,45,15,11,19,9,19,19,48,6,7,15,59,18,27,1,5,19,2,9,5,10,21,24,5,9,40,34,21,14,8,8,14,7,7,379,129
주민등록법,6,1,6,6,25,6,10,5,28,13,11,12,5,39,3,22,3,6,16,10,19,44,27,17,10,2,3,0,16,34,4,6,3,8,7,7,1,5,4,4,4,19,6,3,1,12,23,20,3,9,2,20,16,12,32,34,9,1,0,12,10,5,9,17,10,7,17,6,9,6,4,26,2,6,35,60,48,37,19,26,24,6,8,20,6,46,19,12,28,9,6,10,32,12,16,24,24,1,11,15,6,17,2,8,6,7,4,8,2,2,14,10,23,12,3,2,2,3,2,220,56
주차장법,0,2,3,0,12,1,0,0,2,0,1,1,0,2,0,6,0,0,2,0,0,0,1,0,1,0,0,0,0,0,0,0,0,1,0,0,0,0,0,0,0,0,0,0,0,0,0,1,0,0,1,1,0,0,3,0,0,0,0,0,0,0,0,0,0,0,0,1,0,0,0,0,0,0,2,0,1,0,0,0,0,0,0,0,0,0,12,1,0,1,0,0,0,0,0,0,0,0,2,0,0,0,0,0,0,0,0,0,0,0,2,0,0,0,0,0,0,0,0,4,1
주택법,0,0,1,1,2,1,0,1,0,0,1,3,1,0,2,5,3,0,2,5,2,0,4,4,8,0,0,0,0,7,4,9,1,4,1,0,0,8,0,2,1,0,5,1,0,1,4,5,0,0,1,23,3,6,3,3,1,2,0,1,10,5,6,4,0,0,1,3,1,4,0,1,0,1,2,18,12,7,3,10,17,2,1,0,1,4,0,0,3,12,0,1,3,0,1,3,12,1,8,4,0,10,0,0,0,4,41,1,0,0,4,3,6,3,2,1,1,0,0,99,13
중대재해처벌등에관한법률,0,0,0,0,0,1,0,1,0,0,0,0,0,0,0,0,0,0,0,0,0,0,0,1,0,0,0,0,0,0,0,0,0,0,0,0,0,1,0,0,0,0,0,0,0,0,0,1,0,2,0,0,0,0,1,0,0,0,0,0,0,0,0,0,0,0,0,0,1,0,0,0,0,0,0,0,0,0,0,0,1,0,0,0,0,2,1,0,0,0,1,0,0,0,0,0,1,0,1,0,0,0,1,0,0,0,0,0,0,0,0,0,0,1,0,0,0,0,0,9,3
직업안정법,0,1,1,0,1,2,0,1,0,1,3,0,0,1,1,1,1,0,1,0,0,2,4,0,0,1,0,1,0,2,2,0,1,0,0,2,3,0,1,1,0,1,3,0,1,1,1,1,1,1,0,1,2,1,1,2,0,0,0,0,1,0,5,2,0,1,16,0,1,1,0,0,0,0,4,8,2,2,0,1,0,1,1,1,2,3,2,3,0,0,0,1,1,2,0,3,8,0,5,2,1,1,0,0,1,1,1,2,0,0,2,6,2,0,0,0,0,0,1,24,17
집회 및 시위에 관한법률,58,59,15,1,1,1,0,2,0,0,1,1,2,4,0,2,2,4,22,4,24,20,5,1,1,0,0,2,0,4,0,1,2,5,0,0,0,1,2,0,1,5,2,0,0,0,0,1,0,2,0,0,1,1,3,0,0,0,0,1,0,0,0,0,0,0,1,0,1,1,0,3,2,0,2,3,1,3,4,3,6,0,2,0,0,0,0,0,1,3,2,1,1,0,3,1,8,1,0,1,1,1,0,0,0,3,1,0,0,0,1,0,0,16,1,0,0,0,0,36,21
청소년보호법,10,14,7,24,47,24,34,22,48,21,41,47,20,62,33,70,41,19,32,27,55,45,50,49,39,14,4,8,6,70,25,31,23,33,23,20,11,18,26,15,15,16,50,27,14,42,32,84,12,36,7,60,69,46,68,85,29,5,1,31,33,19,74,59,54,23,80,36,22,20,22,81,29,27,97,174,93,107,45,111,139,24,76,118,57,104,62,73,60,48,41,83,109,45,41,56,75,21,72,47,18,61,25,37,18,57,43,63,20,16,77,103,53,49,36,23,29,19,15,668,273
총포·도검·화약류등의 안전관리에 관한법률,17,4,5,1,1,12,1,3,5,1,1,3,10,0,0,15,4,3,3,3,10,1,5,2,1,1,0,0,0,0,0,0,2,2,4,1,10,0,0,0,1,5,1,2,0,3,4,3,1,21,3,3,5,3,9,2,3,2,0,1,2,0,3,4,6,1,6,1,2,2,1,2,0,4,6,6,9,6,5,8,8,1,2,6,1,5,11,1,4,1,3,0,4,0,0,5,4,1,2,1,0,8,1,1,1,2,5,8,0,2,8,4,10,1,1,3,1,1,1,63,50
최저임금법,0,3,1,3,5,6,3,2,2,6,5,3,2,4,2,3,5,8,4,2,5,2,12,7,11,1,3,1,7,2,3,8,2,8,8,4,3,4,1,2,2,5,10,5,6,6,6,13,5,5,1,2,6,0,3,2,1,1,0,2,7,0,1,5,2,0,1,0,1,0,0,8,4,3,5,0,1,6,3,3,8,1,11,8,2,5,2,0,6,6,3,3,8,0,3,3,1,2,7,5,0,3,1,2,4,5,2,0,1,0,1,4,0,2,0,2,3,0,1,74,24
축산물위생관리법,6,0,0,1,0,24,0,0,1,1,0,2,0,0,0,1,0,1,4,0,1,1,3,0,0,0,0,2,0,1,0,1,1,3,7,1,0,0,0,2,1,17,17,0,0,16,1,1,11,3,2,9,1,1,1,3,1,0,0,0,0,0,1,16,2,1,2,2,7,1,0,0,0,0,5,1,5,14,4,3,9,1,0,9,0,4,1,0,4,0,0,1,3,0,0,2,5,8,11,0,0,4,0,3,1,5,3,0,1,2,5,1,4,3,4,2,8,0,3,60,47
출입국관리법,7,2,5,2,9,6,3,7,3,2,6,1,2,8,8,6,11,7,11,4,7,16,9,9,5,4,0,1,4,4,0,4,0,2,6,0,5,5,0,4,7,2,1,4,1,2,2,24,7,45,3,12,12,10,10,10,4,2,2,3,7,2,10,20,5,4,2,2,0,0,1,6,1,1,19,22,23,10,9,14,18,2,8,61,2,17,34,11,7,1,14,6,63,12,10,8,31,6,15,4,4,7,6,5,1,4,10,2,7,4,8,33,16,8,5,3,5,0,3,191,163
통신비밀보호법,3,4,2,0,1,1,0,2,1,2,0,1,2,1,1,0,3,4,1,2,1,9,11,3,4,1,2,0,0,4,0,4,1,1,1,0,0,0,1,1,1,0,5,0,0,1,2,4,2,3,1,3,4,3,1,2,1,1,1,2,3,0,3,1,0,3,8,4,1,2,0,2,0,2,4,4,6,2,2,4,7,1,2,1,1,5,5,0,2,2,3,4,4,0,2,3,5,1,2,1,2,4,6,1,0,5,5,0,0,0,6,3,3,4,0,1,1,0,0,36,12
특가법(도주차량),26,40,40,23,31,38,37,19,19,10,64,47,31,52,35,39,42,25,47,19,37,208,102,37,40,9,10,34,14,114,23,19,14,42,25,84,23,29,22,41,10,32,90,38,17,78,15,308,28,39,8,178,209,59,240,127,61,14,3,13,86,16,188,42,27,34,65,53,37,53,10,40,25,23,86,343,108,114,58,99,87,34,118,327,14,158,63,50,23,33,40,116,126,57,30,124,286,46,76,34,24,84,20,14,11,43,56,22,14,14,133,243,47,28,32,18,38,16,41,884,521
특허법,0,1,0,0,0,0,0,0,0,0,0,0,1,0,1,1,2,0,1,0,0,1,3,1,1,0,0,0,1,2,0,0,0,2,0,0,0,1,0,1,0,0,2,1,1,0,2,0,1,3,0,4,1,1,2,0,0,0,0,0,0,0,0,1,0,1,1,0,2,0,0,0,0,2,3,0,2,2,2,4,0,0,0,1,2,3,0,0,0,0,1,1,2,0,0,0,0,0,4,0,2,0,0,0,0,0,2,0,0,0,8,4,2,1,0,1,0,0,0,29,2
폐기물관리법,0,2,1,1,2,0,1,1,1,1,1,1,1,0,0,5,2,3,3,1,0,0,3,3,2,0,0,0,0,2,2,2,0,2,2,5,43,1,2,6,15,0,2,2,0,9,1,0,13,14,1,15,1,4,7,2,6,6,1,0,1,0,2,13,3,3,1,1,9,2,0,9,0,36,7,2,6,8,1,14,26,2,21,18,24,25,34,4,4,39,13,6,44,5,3,5,46,39,85,4,0,32,2,8,1,28,14,1,15,11,28,35,31,13,23,7,9,4,15,663,382
풍속영업의 규제에 관한법률,1,1,0,1,2,0,0,0,0,0,1,0,0,0,0,0,3,0,7,0,0,0,1,2,0,0,0,0,0,1,0,0,0,0,0,0,0,0,0,0,0,0,0,0,0,0,0,0,0,0,0,1,2,0,0,1,1,0,0,0,0,0,0,0,0,0,0,0,0,0,0,1,0,0,6,0,3,0,0,0,0,0,1,5,0,2,0,0,0,0,1,0,0,1,1,1,1,0,0,0,0,0,0,0,0,0,0,0,0,0,1,4,0,0,0,7,0,0,0,0,1
하천법,0,0,0,0,0,0,0,0,0,0,0,0,0,0,0,0,0,0,0,0,0,0,0,0,1,0,0,0,0,0,0,0,0,0,0,0,5,0,0,0,0,0,0,0,0,0,0,0,0,0,0,3,0,0,0,0,0,0,0,0,0,0,0,1,0,0,0,0,0,0,0,0,0,1,2,0,1,0,0,0,1,0,0,0,1,1,0,0,0,0,0,0,4,0,6,1,0,3,18,0,0,5,0,1,1,2,2,0,0,1,2,2,3,6,1,1,0,0,2,29,61
학교보건법,0,0,0,0,0,0,0,0,0,0,0,0,0,0,0,0,0,0,0,0,0,0,0,0,0,0,0,0,0,0,0,0,0,0,0,0,0,0,0,0,0,0,0,0,0,0,0,0,0,0,0,0,0,0,0,0,0,0,0,0,0,0,0,0,0,0,0,0,0,0,0,0,0,0,0,0,0,0,0,0,0,0,0,0,0,0,0,0,0,0,0,0,0,0,0,0,0,0,0,0,0,0,0,0,0,0,0,0,0,0,0,0,0,0,0,0,0,0,0,0,0
학원의설립운영및과외교습에관한법률,2,1,2,0,2,0,0,3,7,1,1,1,1,2,6,3,0,1,2,3,0,8,10,0,3,0,0,0,1,4,10,6,4,7,0,2,3,0,1,0,1,1,1,0,1,3,7,6,1,2,0,2,1,0,2,0,1,0,0,0,0,1,0,0,4,0,5,2,0,5,1,3,2,2,1,14,2,3,2,0,21,2,2,3,1,6,4,1,3,1,1,4,0,3,1,1,1,0,5,4,3,4,1,0,1,0,0,1,1,0,4,1,4,0,0,0,0,1,1,21,14
화물자동차운수사업법,24,55,6,13,11,12,3,4,2,2,12,6,7,8,8,12,4,7,10,37,8,26,18,49,11,1,1,5,0,4,7,13,2,7,2,0,6,2,8,8,1,2,10,5,2,24,1,13,11,11,1,10,8,6,3,10,11,0,0,0,1,2,6,1,2,0,26,12,2,3,1,6,1,10,13,21,13,9,9,13,23,8,5,3,7,25,2,4,7,5,7,2,17,0,3,1,11,0,13,7,14,23,0,4,1,3,2,8,2,3,13,5,5,19,7,10,4,0,1,98,39
화재로 인한 재해보상과 보험가입에 관한법률,0,0,0,0,0,0,0,0,0,0,0,0,0,0,0,0,0,0,0,0,0,0,0,0,0,0,0,0,0,0,0,0,0,0,1,0,0,0,0,0,0,0,0,0,0,0,0,0,0,0,0,0,0,0,0,0,0,0,0,0,0,0,0,0,0,0,0,0,0,0,0,0,0,0,0,0,0,0,0,0,1,0,0,0,0,0,0,0,0,0,0,0,0,0,0,0,0,0,0,0,0,0,0,0,0,0,0,0,0,0,0,0,0,0,0,0,1,0,0,2,1
화재의예방및안전에관한법률/소방시설설치및관리에관한법률,2,1,3,0,2,2,2,0,0,0,2,1,1,1,5,1,2,0,0,3,2,9,13,11,0,3,2,0,0,1,2,0,0,1,1,1,0,0,0,0,1,0,1,2,0,1,1,5,1,9,3,16,5,4,6,13,4,0,1,7,4,1,0,1,0,0,1,1,1,1,0,3,1,2,8,2,5,4,2,3,6,1,4,5,0,6,16,2,7,3,0,1,17,0,1,1,5,0,13,0,6,3,2,1,0,0,7,0,1,3,6,6,10,9,7,2,5,2,1,111,38
화학물질관리법,1,2,2,4,0,1,2,0,3,0,6,0,1,0,0,4,2,1,4,2,2,2,6,0,1,0,0,0,0,0,2,2,0,1,3,1,9,2,3,5,2,1,3,2,0,0,0,3,4,3,3,2,4,1,19,2,3,0,0,0,1,0,3,1,5,2,1,2,3,0,1,11,1,7,8,2,6,1,1,2,10,1,1,31,2,5,0,1,1,4,5,9,12,5,0,2,12,5,16,2,4,5,5,6,1,1,3,0,0,2,2,20,14,9,5,1,0,1,2,566,51
기타 특별법,222,229,220,198,293,231,266,194,213,201,274,250,166,282,248,380,295,287,462,155,392,432,754,466,257,71,495,1124,1474,305,167,182,134,235,239,154,169,152,115,161,1801,81,195,141,83,273,174,296,152,726,45,683,418,254,502,408,221,68,688,93,165,75,212,216,222,160,343,201,132,124,80,194,389,133,733,880,551,427,389,616,624,192,1880,808,163,890,618,1376,281,172,2639,295,588,1000,285,266,685,686,291,171,194,411,216,161,83,157,213,262,95,86,528,438,372,220,172,144,89,71,106,8468,6638
