"동별(1)",동별(2),동별(3),2013,2013,2013,2014,2014,2014,2015,2015,2015,2016,2016,2016,2017,2017,2017,2018,2018,2018,2019,2019,2019,2020,2020,2020,2021,2021,2021,2022,2022,2022,2023,2023,2023
"동별(1)",동별(2),동별(3),인구 (명),면적 (㎢),인구밀도 (명/㎢),인구 (명),면적 (㎢),인구밀도 (명/㎢),인구 (명),면적 (㎢),인구밀도 (명/㎢),인구 (명),면적 (㎢),인구밀도 (명/㎢),인구 (명),면적 (㎢),인구밀도 (명/㎢),인구 (명),면적 (㎢),인구밀도 (명/㎢),인구 (명),면적 (㎢),인구밀도 (명/㎢),인구 (명),면적 (㎢),인구밀도 (명/㎢),인구 (명),면적 (㎢),인구밀도 (명/㎢),인구 (명),면적 (㎢),인구밀도 (명/㎢),인구 (명),면적 (㎢),인구밀도 (명/㎢)
"합계",소계,소계,10388055,605.2,17165,10369593,605.21,17134,10297138,605.25,17013,10204057,605.2,16861,10124579,605.24,16728,10049607,605.24,16604,10010983,605.24,16541,9911088,605.23,16376,9736027,605.2439612,16086.12002,9667669,605.2081486,15974,9638799,605.20403,15927
"합계",종로구,소계,167867,23.91,7022,165344,23.91,6914,163822,23.91,6851,161922,23.91,6771,164257,23.91,6869,163026,23.91,6817,161869,23.91,6769,158996,23.91,6649,153789,23.9129357,6431.20535,152211,23.9131617,6365,150453,23.9132228,6292
"합계",종로구,사직동,10327,1.23,8396,10132,1.23,8237,10033,1.23,8157,10013,1.23,8141,9717,1.23,7900,9818,1.23,7982,9815,1.23,7980,9806,1.23,7972,9636,1.23,7834.146341,9355,1.23,7606,9273,1.23,7539
"합계",종로구,삼청동,3367,1.49,2260,3268,1.49,2193,3174,1.49,2130,3118,1.49,2093,3097,1.49,2079,3073,1.49,2062,2997,1.49,2011,2909,1.49,1952,2739,1.49,1838.255034,2642,1.49,1773,2457,1.49,1649
"합계",종로구,부암동,11469,2.27,5052,11356,2.27,5003,11217,2.27,4941,11044,2.27,4865,10726,2.27,4725,10537,2.27,4642,10551,2.27,4648,10333,2.27,4552,9782,2.27,4309.251101,9536,2.27,4201,9389,2.27,4136
"합계",종로구,평창동,19779,8.87,2230,19595,8.87,2209,19414,8.87,2189,19457,8.87,2194,19163,8.87,2160,19105,8.87,2154,18816,8.87,2121,18582,8.87,2095,18329,8.87,2066.403608,17858,8.87,2013,17578,8.87,1982
"합계",종로구,무악동,8626,0.36,23961,8445,0.36,23458,8619,0.36,23942,8516,0.36,23656,8375,0.36,23264,8260,0.36,22944,8740,0.36,24278,8592,0.36,23867,8297,0.36,23047.22222,8052,0.36,22367,7991,0.36,22197
"합계",종로구,교남동,5450,0.35,15571,5005,0.35,14300,4875,0.35,13929,4748,0.35,13566,10363,0.35,29609,10846,0.35,30989,10708,0.35,30594,10634,0.35,30383,10203,0.35,29151.42857,9994,0.35,28554,9889,0.35,28254
"합계",종로구,가회동,5333,0.54,9876,5214,0.54,9656,4961,0.54,9187,4780,0.54,8852,4657,0.54,8624,4546,0.54,8419,4488,0.54,8311,4418,0.54,8181,4194,0.54,7766.666667,4065,0.54,7528,3972,0.54,7356
"합계",종로구,종로1.2.3.4가동,8797,2.35,3743,8920,2.35,3796,8786,2.35,3739,8727,2.35,3714,8592,2.35,3656,8462,2.35,3601,8446,2.35,3594,8448,2.35,3595,8595,2.35,3657.446809,8700,2.35,3702,8492,2.35,3614
"합계",종로구,종로5.6가동,6245,0.6,10408,6069,0.6,10115,6057,0.6,10095,5775,0.6,9625,5690,0.6,9483,5597,0.6,9328,5839,0.6,9732,5656,0.6,9427,5476,0.6,9126.666667,5817,0.6,9695,5899,0.6,9832
"합계",종로구,이화동,9435,0.78,12096,9312,0.78,11938,9216,0.78,11815,8927,0.78,11445,8752,0.78,11221,8621,0.78,11053,8470,0.78,10859,8111,0.78,10399,7705,0.78,9878.205128,7631,0.78,9783,7480,0.78,9590
"합계",종로구,창신1동,7237,0.31,23345,7097,0.31,22894,6862,0.31,22135,6590,0.31,21258,6285,0.31,20274,6237,0.31,20119,6079,0.31,19610,5964,0.31,19239,5631,0.31,18164.51613,5383,0.31,17365,5331,0.31,17197
"합계",종로구,창신2동,11707,0.26,45027,11311,0.26,43504,11040,0.26,42462,10701,0.26,41158,10274,0.26,39515,10015,0.26,38519,9799,0.26,37688,9503,0.26,36550,9051,0.26,34811.53846,8796,0.26,33831,8648,0.26,33262
"합계",종로구,창신3동,8310,0.23,36130,8091,0.23,35178,7933,0.23,34491,7753,0.23,33709,7526,0.23,32722,7439,0.23,32343,7271,0.23,31613,7107,0.23,30900,6733,0.23,29273.91304,6606,0.23,28722,6520,0.23,28348
"합계",종로구,숭인1동,7563,0.23,32883,7348,0.23,31948,7232,0.23,31443,7109,0.23,30909,6865,0.23,29848,6723,0.23,29230,6532,0.23,28400,6388,0.23,27774,6106,0.23,26547.82609,6057,0.23,26335,6114,0.23,26583
"합계",종로구,숭인2동,9944,0.35,28411,10078,0.35,28794,9983,0.35,28523,10148,0.35,28994,10140,0.35,28971,10088,0.35,28823,9902,0.35,28291,10178,0.35,29080,10175,0.35,29071.42857,10509,0.35,30026,10692,0.35,30549
"합계",종로구,청운효자동,14696,2.57,5718,14472,2.57,5631,14354,2.57,5585,14111,2.57,5491,13606,2.57,5294,13293,2.57,5172,12981,2.57,5051,12633,2.57,4916,12177,2.57,4738.132296,11818,2.57,4598,11489,2.57,4470
"합계",종로구,혜화동,19582,1.12,17484,19631,1.12,17528,20066,1.12,17916,20405,1.12,18219,20429,1.12,18240,20366,1.12,18184,20435,1.12,18246,19734,1.12,17620,18960,1.12,16928.57143,19392,1.12,17314,19239,1.12,17178
"합계",중구,소계,137990,9.96,13854,136227,9.96,13677,134329,9.96,13486,134409,9.96,13494,134593,9.96,13514,135633,9.96,13618,136488,9.96,13704,134635,9.96,13517,131787,9.960262,13231.27845,130785,9.9602865,13131,131793,9.9599474,13232
"합계",중구,소공동,1766,0.95,1859,1895,0.95,1995,1869,0.95,1967,2596,0.95,2733,2787,0.95,2934,2936,0.95,3091,3059,0.95,3220,3011,0.95,3169,3367,0.95,3544.210526,3578,0.95,3766,3401,0.95,3580
"합계",중구,회현동,6563,0.84,7813,6505,0.84,7744,6263,0.84,7456,6128,0.84,7295,5953,0.84,7087,5952,0.84,7086,5850,0.84,6964,5757,0.84,6854,5432,0.84,6466.666667,5222,0.84,6217,5053,0.84,6015
"합계",중구,명동,4013,0.99,4054,3614,0.99,3651,3521,0.99,3557,3524,0.99,3560,3469,0.99,3504,3470,0.99,3505,3567,0.99,3603,3685,0.99,3722,3742,0.99,3779.79798,3638,0.99,3675,3405,0.99,3439
"합계",중구,필동,4878,1.14,4279,5040,1.14,4421,5101,1.14,4475,5120,1.14,4491,4885,1.14,4285,5045,1.14,4425,5020,1.14,4404,4754,1.14,4170,4679,1.14,4104.385965,4816,1.14,4225,4971,1.14,4361
"합계",중구,장충동,6296,1.36,4629,6079,1.36,4470,5903,1.36,4340,5845,1.36,4298,5648,1.36,4153,5653,1.36,4157,5628,1.36,4138,5468,1.36,4021,5301,1.36,3897.794118,5326,1.36,3916,5462,1.36,4016
"합계",중구,광희동,6107,0.74,8253,5961,0.74,8055,5817,0.74,7861,6031,0.74,8150,5875,0.74,7939,6057,0.74,8185,6284,0.74,8492,6416,0.74,8670,6340,0.74,8567.567568,6682,0.74,9030,7198,0.74,9727
"합계",중구,을지로동,2022,0.6,3370,1920,0.6,3200,1854,0.6,3090,1826,0.6,3043,1786,0.6,2977,1901,0.6,3168,2007,0.6,3345,1967,0.6,3278,1914,0.6,3190,1912,0.6,3187,3323,0.6,5538
"합계",중구,신당5동,10686,0.39,27400,10788,0.55,19615,10449,0.39,26792,10164,0.39,26062,9830,0.39,25205,9691,0.39,24849,10929,0.39,28023,10867,0.39,27864,10708,0.39,27456.41026,10513,0.39,26956,10516,0.39,26964
"합계",중구,황학동,13068,0.33,39600,13186,0.33,39958,13287,0.33,40264,13217,0.33,40052,13095,0.33,39682,13380,0.33,40545,13689,0.33,41482,13531,0.33,41003,13444,0.33,40739.39394,13459,0.33,40785,13612,0.33,41248
"합계",중구,중림동,9944,0.48,20717,9562,0.48,19921,8979,0.48,18706,8902,0.48,18546,11575,0.48,24115,12980,0.48,27042,12942,0.48,26963,12801,0.48,26669,12351,0.48,25731.25,12338,0.48,25704,12494,0.48,26029
"합계",중구,신당동,8951,0.55,16275,8758,0.39,22456,9042,0.55,16440,9429,0.55,17144,9544,0.55,17353,9419,0.55,17125,9234,0.55,16789,9191,0.55,16711,9095,0.55,16536.36364,9087,0.55,16522,8885,0.55,16155
"합계",중구,다산동,16545,0.51,32441,16268,0.51,31898,16004,0.51,31380,15956,0.51,31286,15399,0.51,30194,15113,0.51,29633,15035,0.51,29480,14725,0.51,28873,14274,0.51,27988.23529,13954,0.51,27361,13786,0.51,27031
"합계",중구,약수동,19267,0.48,40140,19160,0.48,39917,19002,0.48,39588,18796,0.48,39158,18400,0.48,38333,17973,0.48,37444,17734,0.48,36946,17354,0.48,36154,16889,0.48,35185.41667,16610,0.48,34604,16342,0.48,34046
"합계",중구,청구동,15799,0.34,46468,15587,0.34,45844,15555,0.34,45750,15233,0.34,44803,14999,0.34,44115,14844,0.34,43659,14515,0.34,42691,14281,0.34,42003,13818,0.34,40641.17647,13451,0.34,39562,13225,0.34,38897
"합계",중구,동화동,12085,0.26,46481,11904,0.26,45785,11683,0.26,44935,11642,0.26,44777,11348,0.26,43646,11219,0.26,43150,10995,0.26,42288,10827,0.26,41642,10433,0.26,40126.92308,10199,0.26,39227,10120,0.26,38923
"합계",용산구,소계,251925,21.87,11520,249914,21.87,11428,247909,21.87,11337,245102,21.87,11209,244444,21.87,11179,245090,21.87,11209,245185,21.87,11213,244645,21.87,11188,237285,21.8661452,10851.70696,233284,21.8676095,10668,227106,21.8675774,10386
"합계",용산구,후암동,20018,0.86,23277,19683,0.86,22887,19684,0.86,22888,19308,0.86,22451,18846,0.86,21914,18703,0.86,21748,18445,0.86,21448,18202,0.86,21165,17308,0.86,20125.5814,16812,0.86,19549,16462,0.86,19142
"합계",용산구,용산2가동,13546,1.96,6911,13330,1.96,6801,13106,1.96,6687,12746,1.96,6503,12355,1.96,6304,12107,1.96,6177,11836,1.96,6039,11272,1.96,5751,10775,1.96,5497.44898,10333,1.96,5272,10271,1.96,5240
"합계",용산구,남영동,8442,1.19,7094,8576,1.19,7207,8643,1.19,7263,8762,1.19,7363,8585,1.19,7214,8501,1.19,7144,8412,1.19,7069,8116,1.19,6820,7825,1.19,6575.630252,7552,1.19,6346,7347,1.19,6174
"합계",용산구,원효로2동,15811,0.71,22269,15671,0.71,22072,15709,0.71,22125,15512,0.71,21848,15233,0.71,21455,15064,0.71,21217,14718,0.71,20730,14331,0.71,20185,13875,0.71,19542.25352,13795,0.71,19430,13763,0.71,19385
"합계",용산구,효창동,11392,0.44,25891,11276,0.44,25627,9816,0.44,22309,9566,0.44,21741,9594,0.44,21805,9054,0.44,20577,10300,0.44,23409,10326,0.44,23468,10156,0.44,23081.81818,10888,0.44,24745,10811,0.44,24570
"합계",용산구,용문동,13034,0.28,46550,12994,0.28,46407,13027,0.28,46525,12862,0.28,45936,12759,0.28,45568,12757,0.28,45561,12587,0.28,44954,12455,0.28,44482,11985,0.28,42803.57143,11664,0.28,41657,11518,0.28,41136
"합계",용산구,이촌1동,28196,2.86,9859,28007,2.86,9793,29002,2.86,10141,29134,2.86,10187,28960,2.86,10126,29341,2.86,10259,29255,2.86,10229,28961,2.86,10126,26632,2.86,9311.888112,25707,2.86,8988,25513,2.86,8921
"합계",용산구,이촌2동,10054,1.22,8241,9800,1.22,8033,9663,1.22,7920,9380,1.22,7689,9229,1.22,7565,9090,1.22,7451,9005,1.22,7381,8808,1.22,7220,8374,1.22,6863.934426,8094,1.22,6634,7932,1.22,6502
"합계",용산구,이태원1동,9644,0.57,16919,9470,0.57,16614,9030,0.57,15842,8806,0.57,15449,8791,0.57,15423,9315,0.57,16342,9222,0.57,16179,8764,0.57,15375,8126,0.57,14256.14035,7947,0.57,13942,7799,0.57,13682
"합계",용산구,이태원2동,11859,0.86,13790,11550,0.86,13430,11154,0.86,12970,11004,0.86,12795,11014,0.86,12807,10927,0.86,12706,10811,0.86,12571,10795,0.86,12552,10604,0.86,12330.23256,10427,0.86,12124,10223,0.86,11887
"합계",용산구,서빙고동,14221,2.8,5079,14293,2.8,5105,14342,2.8,5122,14507,2.8,5181,14274,2.8,5098,14257,2.8,5092,14102,2.8,5036,14000,2.8,5000,13912,2.8,4968.571429,13458,2.8,4806,13141,2.8,4693
"합계",용산구,보광동,17961,0.71,25297,17665,0.71,24880,17289,0.71,24351,16988,0.71,23927,16541,0.71,23297,16124,0.71,22710,15862,0.71,22341,15531,0.71,21875,14708,0.71,20715.49296,14060,0.71,19803,12420,0.71,17493
"합계",용산구,청파동,23428,0.91,25745,22939,0.91,25208,22366,0.91,24578,21913,0.91,24080,21233,0.91,23333,20922,0.91,22991,20661,0.91,22704,20496,0.91,22523,20076,0.9,22306.66667,19833,0.9,22037,19616,0.91,21556
"합계",용산구,원효로1동,13004,0.59,22041,13547,0.59,22961,14330,0.59,24288,14717,0.59,24944,15266,0.59,25875,16034,0.59,27176,16630,0.59,28186,16730,0.59,28356,16577,0.59,28096.61017,17774,0.59,30125,17688,0.59,29980
"합계",용산구,한강로동,16277,2.9,5613,16491,2.9,5687,16424,2.9,5663,16463,2.9,5677,18059,2.9,6227,19209,2.9,6624,19635,2.9,6771,22097,2.9,7620,23411,2.9,8072.758621,22886,2.9,7892,22691,2.9,7824
"합계",용산구,한남동,25038,3.01,8318,24622,3.01,8180,24324,3.01,8081,23434,3.01,7785,23705,3.01,7875,23685,3.01,7869,23704,3.01,7875,23761,3.01,7894,22941,3.01,7621.594684,22054,3.01,7327,19911,3.01,6615
"합계",성동구,소계,306571,16.85,18190,303891,16.86,18028,305065,16.86,18093,307161,16.86,18218,312711,16.86,18551,316463,16.86,18771,308979,16.86,18327,300505,16.86,17822,292672,16.8598989,17359.0602,288234,16.820272,17136,284766,16.820149,16930
"합계",성동구,왕십리2동,17129,0.41,41778,16812,0.41,41005,16540,0.41,40341,16917,0.41,41261,18185,0.41,44354,18148,0.41,44263,17744,0.41,43278,17416,0.41,42478,16819,0.41,41021.95122,16688,0.41,40702,16481,0.41,40198
"합계",성동구,마장동,25487,1.06,24044,25148,1.06,23725,25060,1.06,23642,24569,1.06,23178,24193,1.06,22824,24157,1.06,22790,24035,1.05,22890,23459,1.05,22342,22991,1.05,21896.19048,22706,1.05,21625,22233,1.05,21174
"합계",성동구,사근동,11745,1.11,10581,12574,1.11,11328,12947,1.11,11664,12722,1.11,11461,12812,1.11,11542,13408,1.11,12079,13543,1.1,12312,13512,1.1,12284,13505,1.1,12277.27273,14082,1.1,12802,14141,1.1,12855
"합계",성동구,행당1동,17806,0.59,30180,15553,0.59,26361,15129,0.59,25642,14708,0.59,24929,14387,0.59,24385,16728,0.59,28353,16463,0.59,27903,14363,0.59,24344,14193,0.59,24055.9322,13996,0.59,23722,13984,0.59,23702
"합계",성동구,행당2동,26767,0.42,63731,26399,0.42,62855,26124,0.42,62200,25748,0.42,61305,25423,0.42,60531,25075,0.42,59702,24640,0.42,58667,24151,0.42,57502,23376,0.42,55657.14286,23148,0.42,55114,22933,0.42,54602
"합계",성동구,응봉동,17370,0.57,30474,17158,0.57,30102,17019,0.57,29858,16921,0.57,29686,16696,0.57,29291,16405,0.57,28781,16188,0.57,28400,15824,0.57,27761,15458,0.57,27119.29825,15100,0.57,26491,15000,0.57,26316
"합계",성동구,금호1가동,14823,0.46,32224,14117,0.46,30689,13780,0.46,29957,13419,0.46,29172,13191,0.46,28676,16191,0.46,35198,15954,0.46,34683,15795,0.46,34337,15315,0.46,33293.47826,15137,0.46,32907,14841,0.46,32263
"합계",성동구,금호4가동,15236,0.84,18138,15004,0.84,17862,14771,0.84,17585,14557,0.84,17330,14452,0.84,17205,15488,0.84,18438,15227,0.84,18127,14842,0.84,17669,14452,0.84,17204.7619,14228,0.84,16938,14284,0.84,17005
"합계",성동구,성수1가1동,18161,1.98,9172,17774,1.98,8977,17557,1.98,8867,17231,1.98,8703,17676,1.98,8927,17570,1.98,8874,17168,1.98,8671,16851,1.97,8554,16814,1.97,8535.025381,16407,1.97,8328,15681,1.97,7960
"합계",성동구,성수1가2동,18537,0.89,20828,18111,0.89,20349,17486,0.89,19647,17024,0.89,19128,16413,0.89,18442,15786,0.89,17737,14735,0.89,16556,13738,0.89,15436,12874,0.89,14465.16854,12322,0.89,13845,12134,0.89,13634
"합계",성동구,성수2가1동,20951,1.18,17755,20532,1.18,17400,20080,1.18,17017,19378,1.18,16422,18783,1.18,15918,18317,1.18,15523,17722,1.18,15019,17146,1.17,14655,16279,1.17,13913.67521,15716,1.17,13432,15079,1.17,12888
"합계",성동구,성수2가3동,12431,1.03,12069,12434,1.03,12072,12251,1.03,11894,12142,1.03,11788,12056,1.03,11705,11915,1.03,11568,11682,1.03,11342,11457,1.03,11123,10985,1.03,10665.04854,10520,1.03,10214,10312,1.03,10012
"합계",성동구,송정동,12538,0.68,18438,12292,0.68,18076,12063,0.68,17740,12005,0.68,17654,11987,0.68,17628,11778,0.68,17321,11428,0.75,15237,11143,0.75,14857,10915,0.75,14553.33333,10464,0.75,13952,10131,0.75,13508
"합계",성동구,용답동,17389,2.32,7495,17358,2.32,7482,17207,2.32,7417,17059,2.32,7353,16687,2.32,7193,15659,2.32,6750,13290,2.32,5728,12724,2.31,5508,12568,2.31,5440.692641,12551,2.31,5433,13013,2.31,5633
"합계",성동구,왕십리도선동,12993,0.72,18046,16081,0.72,22335,20808,0.72,28900,22878,0.72,31775,27582,0.72,38308,27853,0.72,38685,27767,0.72,38565,27588,0.72,38317,26910,0.72,37375,26903,0.72,37365,26739,0.72,37138
"합계",성동구,금호2.3가동,23517,0.64,36745,23056,0.64,36025,22962,0.64,35878,25038,0.64,39122,24735,0.64,38648,24467,0.64,38230,24171,0.64,37767,23584,0.64,36850,22909,0.64,35795.3125,22423,0.64,35036,22130,0.64,34578
"합계",성동구,옥수동,23688,1.95,12148,23487,1.95,12045,23281,1.95,11939,24845,1.95,12741,27453,1.95,14078,27518,1.95,14112,27222,1.95,13960,26912,1.94,13872,26309,1.94,13561.34021,25843,1.94,13321,25650,1.94,13222
"합계",성동구,기타,3,-,-,1,-,-,-,-,-,-,-,-,-,-,-,-,-,-,-,-,-,-,-,-,-,-,-,-,-,-,-,-,-
"합계",광진구,소계,381439,17.06,22356,377375,17.06,22117,375180,17.06,21987,372104,17.06,21807,372298,17.06,21819,371063,17.06,21746,366972,17.06,21507,360109,17.06,21105,352627,17.0629952,20666.18409,351252,17.0628368,20586,351180,17.0628201,20582
"합계",광진구,화양동,24293,1.16,20942,24269,1.16,20922,24419,1.16,21051,24495,1.16,21116,24610,1.16,21216,24804,1.16,21383,25537,1.16,22015,25541,1.16,22018,26034,1.16,22443.10345,27082,1.16,23347,27645,1.16,23832
"합계",광진구,군자동,22136,0.74,29914,22189,0.74,29985,22091,0.74,29853,22048,0.74,29795,21980,0.74,29703,22029,0.74,29769,22109,0.74,29877,21903,0.74,29599,21500,0.74,29054.05405,21524,0.74,29086,21465,0.74,29007
"합계",광진구,중곡1동,17021,0.62,27453,16648,0.62,26852,16526,0.62,26655,16342,0.62,26358,16359,0.62,26385,16500,0.62,26613,16287,0.62,26269,16190,0.62,26113,15862,0.62,25583.87097,15663,0.62,25263,15691,0.62,25308
"합계",광진구,중곡2동,23156,0.55,42102,22633,0.55,41151,22610,0.55,41109,22877,0.55,41595,22808,0.55,41469,22699,0.55,41271,22564,0.55,41025,22285,0.55,40518,21739,0.55,39525.45455,21336,0.55,38793,20882,0.55,37967
"합계",광진구,중곡3동,18843,0.6,31405,18475,0.6,30792,18120,0.6,30200,17960,0.6,29933,17992,0.6,29987,17843,0.6,29738,17315,0.6,28858,16902,0.6,28170,16357,0.6,27261.66667,16177,0.6,26962,16008,0.6,26680
"합계",광진구,중곡4동,31966,2.32,13778,31842,2.32,13725,32041,2.32,13811,31786,2.32,13701,31618,2.32,13628,31159,2.32,13431,30516,2.32,13153,29815,2.32,12851,28954,2.32,12480.17241,28405,2.32,12244,28006,2.32,12072
"합계",광진구,능동,11331,1.1,10301,11470,1.1,10427,11712,1.1,10647,11648,1.1,10589,11838,1.1,10762,11891,1.1,10810,11978,1.1,10889,11913,1.1,10830,11619,1.1,10562.72727,11561,1.1,10510,11496,1.1,10451
"합계",광진구,구의1동,23226,0.56,41475,23290,0.56,41589,23510,0.56,41982,23387,0.56,41763,23396,0.56,41779,23282,0.56,41575,23063,0.56,41184,22700,0.56,40536,22139,0.56,39533.92857,24049,0.56,42945,23833,0.56,42559
"합계",광진구,구의2동,27787,1.39,19991,26479,1.39,19050,25879,1.39,18618,25889,1.39,18625,25936,1.39,18659,27974,1.39,20125,27902,1.39,20073,27444,1.39,19744,27008,1.39,19430.21583,26573,1.39,19117,26230,1.39,18871
"합계",광진구,구의3동,29808,1.02,29224,29997,1.02,29409,30067,1.02,29477,29789,1.02,29205,30483,1.02,29885,30476,1.02,29878,30094,1.02,29504,29588,1.02,29008,28891,1.02,28324.5098,28440,1.02,27882,28072,1.02,27522
"합계",광진구,광장동,37493,2.39,15687,37159,2.39,15548,36917,2.39,15446,36613,2.39,15319,36589,2.39,15309,36309,2.39,15192,36083,2.39,15097,35619,2.39,14903,34834,2.39,14574.8954,34362,2.39,14377,34210,2.39,14314
"합계",광진구,자양1동,25374,0.57,44516,24459,0.57,42911,24151,0.57,42370,23951,0.57,42019,24450,0.57,42895,24476,0.57,42940,24156,0.57,42379,23710,0.57,41596,23134,0.57,40585.96491,22709,0.57,39840,22745,0.57,39904
"합계",광진구,자양2동,28596,1.68,17021,28520,1.68,16976,27877,1.68,16593,27532,1.68,16388,27727,1.68,16504,27435,1.68,16330,26893,1.68,16008,26016,1.68,15486,24930,1.68,14839.28571,24253,1.68,14436,23949,1.68,14255
"합계",광진구,자양3동,31929,1.2,26608,31436,1.2,26197,31227,1.2,26023,30555,1.2,25463,30517,1.2,25431,30132,1.2,25110,29475,1.2,24563,28957,1.2,24131,28330,1.2,23608.33333,27858,1.2,23215,27543,1.2,22953
"합계",광진구,자양4동,28480,1.16,24552,28509,1.16,24577,28033,1.16,24166,27232,1.16,23476,25995,1.16,22409,24054,1.16,20736,23000,1.16,19828,21526,1.16,18557,21296,1.16,18358.62069,21260,1.16,18328,23405,1.16,20177
"합계",동대문구,소계,376445,14.21,26490,376319,14.21,26481,373824,14.21,26301,370312,14.22,26050,366011,14.22,25748,364338,14.22,25630,363023,14.22,25537,357014,14.22,25114,352006,14.2158061,24761.59266,353601,14.2160108,24873,359873,14.2159122,25315
"합계",동대문구,회기동,12770,0.76,16803,12627,0.76,16614,12524,0.76,16479,12587,0.76,16562,12521,0.76,16475,12868,0.76,16932,13114,0.76,17255,12663,0.76,16662,12727,0.76,16746.05263,13536,0.76,17811,13653,0.76,17964
"합계",동대문구,휘경1동,17352,0.63,27543,17139,0.63,27205,15501,0.63,24605,14964,0.63,23752,14589,0.63,23157,14653,0.63,23259,16508,0.63,26203,15362,0.63,24384,16105,0.63,25563.49206,16339,0.63,25935,16179,0.63,25681
"합계",동대문구,휘경2동,26133,1.05,24889,25735,1.05,24510,25519,1.05,24304,25467,1.05,24254,25205,1.05,24005,25147,1.05,23950,25068,1.05,23874,24992,1.05,23802,24847,1.05,23663.80952,24666,1.05,23491,25163,1.05,23965
"합계",동대문구,청량리동,24821,1.2,20684,24584,1.2,20487,24019,1.2,20016,23560,1.2,19633,23063,1.2,19219,22527,1.2,18773,21808,1.2,18173,20432,1.2,17027,19280,1.2,16066.66667,19094,1.2,15912,19347,1.2,16123
"합계",동대문구,용신동,32856,1.61,20407,32629,1.61,20266,33210,1.61,20627,33484,1.61,20798,32957,1.61,20470,31961,1.61,19852,32144,1.61,19965,32602,1.61,20250,33055,1.61,20531.0559,36137,1.61,22445,40088,1.61,24899
"합계",동대문구,제기동,28945,1.18,24530,28883,1.18,24477,28850,1.18,24449,28551,1.18,24196,27770,1.18,23534,27576,1.18,23369,27364,1.18,23190,27017,1.18,22896,26577,1.18,22522.88136,26484,1.18,22444,25501,1.18,21611
"합계",동대문구,전농1동,33027,1.19,27754,31997,1.19,26888,31254,1.21,25830,30779,1.21,25437,29916,1.19,25139,30988,1.19,26040,31075,1.19,26113,30722,1.19,25817,29699,1.19,24957.14286,29220,1.19,24555,32897,1.19,27645
"합계",동대문구,전농2동,21593,0.86,25108,21387,0.86,24869,21234,0.86,24691,20793,0.86,24178,20436,0.86,23763,20351,0.86,23664,19990,0.86,23244,19449,0.86,22615,18876,0.86,21948.83721,18629,0.86,21662,18432,0.86,21433
"합계",동대문구,답십리2동,31563,0.8,39454,30027,0.8,37534,29504,0.8,36880,30291,0.85,35636,29722,0.85,34967,28970,0.85,34082,30486,0.85,35866,29486,0.85,34689,28595,0.85,33641.17647,28055,0.85,33006,27854,0.85,32769
"합계",동대문구,장안1동,37990,1.25,30392,37591,1.25,30073,38017,1.25,30414,38812,1.25,31050,39593,1.25,31674,39212,1.25,31370,39153,1.25,31322,39287,1.25,31430,38794,1.25,31035.2,38677,1.25,30942,38032,1.25,30426
"합계",동대문구,장안2동,32682,1.08,30261,32673,1.08,30253,32289,1.09,29623,31441,1.09,28845,31447,1.09,28850,31649,1.09,29036,33045,1.09,30317,33339,1.09,30586,32791,1.09,30083.48624,32685,1.09,29986,33020,1.09,30294
"합계",동대문구,이문1동,33194,1.04,31917,32201,1.04,30963,32433,1.04,31186,32045,1.04,30813,31172,1.04,29973,26940,1.04,25904,22311,1.04,21453,21205,1.04,20389,20870,1.04,20067.30769,21366,1.04,20544,21488,1.04,20662
"합계",동대문구,이문2동,23225,0.69,33659,22857,0.69,33126,22888,0.69,33171,22692,0.69,32887,22454,0.69,32542,22004,0.69,31890,21174,0.69,30687,20947,0.69,30358,20417,0.69,29589.85507,20183,0.69,29251,19935,0.69,28891
"합계",동대문구,답십리1동,20294,0.86,23598,25989,0.86,30220,26582,0.84,31645,24846,0.79,31451,25166,0.81,31069,29492,0.81,36410,29783,0.81,36769,29511,0.81,36433,29373,0.81,36262.96296,28530,0.81,35222,28284,0.81,34919
"합계",중랑구,소계,421237,18.5,22773,423411,18.5,22892,418620,18.5,22633,415677,18.5,22474,412780,18.5,22318,408147,18.5,22067,402024,18.5,21736,399562,18.5,21603,391885,18.4955836,21188.03107,390140,18.4970972,21092,387470,18.4971346,20948
"합계",중랑구,면목2동,28235,0.73,38678,27936,0.73,38268,27560,0.73,37753,27424,0.73,37567,27057,0.73,37064,26482,0.73,36277,25942,0.73,35537,25214,0.77,32745,24405,0.77,31694.80519,24206,0.77,31436,24001,0.77,31170
"합계",중랑구,면목4동,22236,1.1,20215,21713,1.1,19739,22345,1.1,20314,21957,1.1,19961,21098,1.11,19007,20730,1.11,18676,20052,1.1,18229,19270,0.87,22149,19308,0.87,22193.10345,18746,0.87,21547,18490,0.87,21253
"합계",중랑구,면목5동,13911,0.64,21736,13597,0.64,21245,11607,0.64,18136,10824,0.64,16913,10487,0.64,16386,10071,0.64,15736,9825,0.64,15352,14661,0.7,20944,14897,0.7,21281.42857,14836,0.7,21194,14740,0.7,21057
"합계",중랑구,면목7동,25362,0.87,29152,24860,0.87,28575,24004,0.87,27591,23357,0.87,26847,22707,0.87,26100,22258,0.87,25584,22200,0.87,25517,22714,1.2,18928,22070,1.2,18391.66667,21798,1.2,18165,21557,1.2,17964
"합계",중랑구,상봉1동,26165,0.85,30782,26746,0.85,31466,26320,0.85,30965,26152,0.85,30767,25960,0.85,30541,25619,0.85,30140,25499,0.85,29999,24912,0.88,28309,24190,0.88,27488.63636,23714,0.88,26948,23353,0.88,26538
"합계",중랑구,상봉2동,18605,0.68,27360,18438,0.68,27115,18629,0.68,27396,19050,0.68,28015,18645,0.68,27419,19243,0.68,28299,19844,0.68,29182,20214,0.65,31098,20647,0.65,31764.61538,20612,0.65,31711,20760,0.65,31938
"합계",중랑구,중화1동,21566,0.68,31715,21287,0.68,31304,21283,0.68,31299,21285,0.68,31301,21179,0.68,31146,21030,0.68,30926,20916,0.68,30759,20400,0.64,31875,19784,0.64,30912.5,19293,0.64,30145,18908,0.64,29544
"합계",중랑구,중화2동,30438,0.98,31059,29665,0.98,30270,29090,0.98,29684,28578,0.98,29161,28723,0.98,29309,28660,0.98,29245,27274,0.98,27831,26073,1.01,25815,25315,1.01,25064.35644,24926,1.01,24679,24326,1.01,24085
"합계",중랑구,묵1동,36370,1.2,30308,35241,1.2,29368,34885,1.2,29071,34516,1.2,28763,36269,1.2,30224,36233,1.2,30194,36016,1.2,30013,35588,1.2,29657,34636,1.2,28863.33333,34344,1.2,28620,33935,1.2,28279
"합계",중랑구,묵2동,20019,0.7,28599,19563,0.7,27947,19613,0.7,28019,20250,0.7,28929,20443,0.7,29204,20355,0.7,29079,19901,0.7,28430,19672,0.67,29361,18946,0.67,28277.61194,18624,0.67,27797,18323,0.67,27348
"합계",중랑구,망우3동,19207,0.99,19401,18789,0.99,18979,18415,0.99,18601,18741,0.99,18930,18757,0.99,18946,18334,0.99,18519,17941,0.99,18122,17508,0.92,19030,16698,0.92,18150,16303,0.92,17721,16078,0.92,17476
"합계",중랑구,신내1동,33301,2.53,13162,42203,2.53,16681,42150,2.53,16660,42023,2.53,16610,41561,2.53,16427,41264,2.53,16310,40854,2.53,16148,39831,2.56,15559,38649,2.56,15097.26563,38205,2.56,14924,37938,2.56,14820
"합계",중랑구,신내2동,24878,0.99,25129,24192,0.99,24436,23913,0.99,24155,23511,0.99,23748,23018,0.99,23251,22379,0.99,22605,21905,0.99,22126,21302,0.93,22905,20529,0.93,22074.19355,20155,0.93,21672,19774,0.93,21262
"합계",중랑구,면목본동,37197,1.01,36829,36584,1.01,36222,36575,1.01,36213,36839,1.01,36474,36780,1.01,36416,36558,1.01,36196,36195,1.01,35837,35424,0.84,42171,34188,0.84,40700,33856,0.84,40305,33550,0.84,39940
"합계",중랑구,면목3.8동,29121,1.67,17438,28695,1.67,17183,28620,1.67,17138,28137,1.67,16849,27685,1.67,16578,27139,1.67,16251,26589,1.67,15922,25995,1.63,15948,25154,1.63,15431.90184,24617,1.63,15102,24842,1.63,15240
"합계",중랑구,망우본동,34626,2.88,12023,33902,2.88,11772,33611,2.88,11670,33033,2.88,11470,32411,2.88,11254,31792,2.88,11039,31071,2.88,10789,30784,3.03,10160,32469,3.03,10715.84158,35905,3.03,11850,36895,3.03,12177
"합계",성북구,소계,485347,24.58,19747,475961,24.58,19366,469560,24.58,19104,461617,24.58,18781,455407,24.57,18533,447687,24.57,18218,454744,24.57,18505,447056,24.58,18190,440142,24.576989,17908.70314,441984,24.5778973,17983,438168,24.5779176,17828
"합계",성북구,돈암1동,16374,0.49,33416,16324,0.49,33314,17222,0.49,35147,17007,0.49,34708,16745,0.49,34173,16404,0.49,33478,15921,0.49,32492,15379,0.49,31386,14791,0.49,30185.71429,14474,0.49,29539,14376,0.49,29339
"합계",성북구,돈암2동,23797,0.48,49577,23614,0.48,49196,23722,0.48,49421,23681,0.48,49335,25269,0.48,52644,25273,0.48,52652,25028,0.48,52142,24686,0.48,51429,23913,0.48,49818.75,23657,0.48,49285,23547,0.48,49056
"합계",성북구,안암동,18255,1.33,13726,18114,1.33,13620,18022,1.33,13550,18211,1.33,13692,17387,1.33,13073,17260,1.33,12977,17502,1.33,13159,16580,1.33,12466,16527,1.33,12426.31579,17118,1.33,12871,17268,1.33,12983
"합계",성북구,보문동,14285,0.56,25509,15124,0.56,27007,15018,0.56,26818,15069,0.56,26909,17260,0.56,30821,17067,0.56,30477,16653,0.56,29738,16123,0.56,28791,15766,0.56,28153.57143,16712,0.56,29843,16575,0.56,29598
"합계",성북구,정릉1동,20191,0.44,45889,19975,0.44,45398,19372,0.44,44027,19273,0.44,43802,18901,0.44,42957,18642,0.44,42368,19455,0.44,44216,18929,0.44,43020,18377,0.44,41765.90909,18197,0.44,41357,18015,0.44,40943
"합계",성북구,정릉2동,24182,1.17,20668,23962,1.17,20480,24644,1.17,21063,24609,1.17,21033,24495,1.17,20936,24267,1.17,20741,23834,1.17,20371,23736,1.17,20287,23268,1.17,19887.17949,22911,1.17,19582,22815,1.17,19500
"합계",성북구,정릉3동,18371,3.71,4952,17980,3.71,4846,17801,3.71,4798,17630,3.71,4752,17366,3.71,4681,17294,3.71,4661,17233,3.71,4645,16847,3.71,4541,16210,3.71,4369.272237,16567,3.71,4465,16628,3.71,4482
"합계",성북구,정릉4동,28050,3.13,8962,27815,3.13,8887,27893,3.13,8912,27818,3.13,8888,27423,3.13,8761,27161,3.13,8678,26792,3.13,8560,25993,3.13,8304,25322,3.13,8090.095847,24911,3.13,7959,24516,3.13,7833
"합계",성북구,길음1동,37951,0.79,48039,37987,0.79,48085,38048,0.79,48162,37908,0.79,47985,37797,0.79,47844,37829,0.79,47885,37082,0.79,46939,36568,0.79,46289,35615,0.79,45082.27848,35000,0.79,44304,34903,0.79,44181
"합계",성북구,길음2동,20815,0.58,35888,17404,0.58,30007,16300,0.58,28103,13173,0.58,22712,12345,0.58,21284,11767,0.58,20288,16620,0.58,28655,17167,0.58,29598,16780,0.58,28931.03448,21728,0.58,37462,21802,0.58,37590
"합계",성북구,월곡1동,29199,0.81,36048,28822,0.81,35583,28751,0.81,35495,28450,0.81,35123,28161,0.81,34767,27854,0.81,34388,27523,0.81,33979,27108,0.81,33467,26525,0.81,32746.91358,26169,0.81,32307,25799,0.81,31851
"합계",성북구,월곡2동,21611,1.36,15890,21425,1.36,15754,21483,1.36,15796,21147,1.36,15549,20823,1.36,15311,20702,1.36,15222,20509,1.36,15080,20396,1.36,14997,19896,1.36,14629.41176,19739,1.36,14514,19531,1.36,14361
"합계",성북구,장위1동,25420,0.7,36314,24380,0.7,34829,23502,0.7,33574,22573,0.7,32247,21336,0.7,30480,21228,0.7,30326,20592,0.7,29417,20449,0.7,29213,24511,0.7,35015.71429,24082,0.7,34403,23607,0.7,33724
"합계",성북구,장위2동,22150,0.67,33060,21452,0.67,32018,20950,0.67,31269,20533,0.67,30646,18517,0.67,27637,15069,0.67,22491,13972,0.67,20854,14106,0.67,21054,13953,0.67,20825.37313,13622,0.67,20331,13362,0.67,19943
"합계",성북구,장위3동,18804,0.65,28929,17534,0.65,26975,14165,0.65,21792,13226,0.65,20348,12336,0.65,18978,11689,0.65,17983,17580,0.65,27046,17359,0.65,26706,15980,0.65,24584.61538,15868,0.65,24412,15663,0.65,24097
"합계",성북구,성북동,19316,2.86,6754,18811,2.86,6577,18536,2.86,6481,18331,2.86,6409,17996,2.86,6292,17902,2.86,6259,17584,2.86,6148,17404,2.86,6085,17026,2.86,5953.146853,16889,2.86,5905,16503,2.86,5770
"합계",성북구,삼선동,28551,0.92,31034,28368,0.92,30835,27936,0.92,30365,27510,0.92,29902,27082,0.92,29437,26971,0.92,29316,26013,0.92,28275,24144,0.92,26243,23413,0.92,25448.91304,23044,0.92,25048,22824,0.92,24809
"합계",성북구,동선동,16963,0.73,23237,16727,0.73,22914,16974,0.73,23252,16770,0.73,22973,16614,0.73,22759,16386,0.73,22447,16276,0.73,22296,16246,0.73,22255,16115,0.73,22075.34247,15870,0.73,21740,15973,0.73,21881
"합계",성북구,종암동,43664,1.46,29907,43444,1.46,29756,43496,1.46,29792,43625,1.46,29880,42926,1.46,29401,42876,1.46,29367,42068,1.46,28814,41353,1.46,28324,40325,1.46,27619.86301,40111,1.46,27473,39766,1.46,27237
"합계",성북구,석관동,37398,1.73,21617,36699,1.73,21213,35725,1.73,20650,35073,1.73,20273,34628,1.73,20016,34046,1.73,19680,36507,1.73,21102,36483,1.73,21088,35829,1.73,20710.40462,35315,1.73,20413,34695,1.73,20055
"합계",강북구,소계,341921,23.6,14490,338410,23.6,14341,334426,23.6,14172,330704,23.6,14015,328002,23.6,13898,322915,23.6,13683,317695,23.6,13462,311569,23.6,13202,302563,23.6004413,12820.22637,297702,23.6004019,12614,292977,23.6004081,12414
"합계",강북구,번1동,21013,0.55,38205,20643,0.55,37533,20541,0.55,37347,20334,0.55,36971,19912,0.55,36204,19964,0.55,36298,19614,0.66,29718,19441,0.66,29456,18717,0.66,28359.09091,18578,0.66,28148,17963,0.66,27217
"합계",강북구,번2동,19457,1.25,15566,18927,1.25,15142,18746,1.25,14997,18407,1.25,14726,17937,1.25,14350,17504,1.25,14003,17102,0.95,18002,16544,0.95,17415,15932,0.95,16770.52632,15397,0.95,16207,14994,0.95,15783
"합계",강북구,번3동,21018,0.86,24440,20636,0.86,23995,20235,0.86,23529,19882,0.86,23119,19314,0.86,22458,18967,0.86,22055,18251,1.1,16592,17605,1.1,16005,16905,1.1,15368.18182,16449,1.1,14954,16420,1.1,14927
"합계",강북구,수유1동,23300,1.07,21776,23090,1.07,21579,22927,1.07,21427,22844,1.07,21350,22471,1.07,21001,22338,1.07,20877,21841,1.67,13078,21468,1.67,12855,20849,1.67,12484.43114,20501,1.67,12276,20200,1.67,12096
"합계",강북구,수유2동,22965,0.73,31459,22969,0.73,31464,22644,0.73,31019,22372,0.73,30647,22512,0.73,30838,22526,0.73,30858,21939,0.57,38489,21595,0.57,37886,21421,0.57,37580.70175,21054,0.57,36937,20697,0.57,36311
"합계",강북구,수유3동,24295,0.86,28250,23971,0.86,27873,23953,0.86,27852,24126,0.86,28053,24223,0.86,28166,24280,0.86,28233,24064,0.72,33422,23907,0.72,33204,23393,0.72,32490.27778,23778,0.72,33025,23954,0.72,33269
"합계",강북구,삼양동,31165,0.95,32805,30306,0.95,31901,30085,0.95,31668,29747,0.95,31313,29079,0.95,30609,26575,0.95,27974,25537,0.91,28063,24742,0.91,27189,23802,0.91,26156.04396,23090,0.91,25374,22622,0.91,24859
"합계",강북구,미아동,24116,0.73,33036,24014,0.73,32896,23756,0.73,32542,23591,0.73,32316,23431,0.73,32097,23228,0.73,31819,22814,0.93,24531,22723,0.93,24433,21997,0.93,23652.68817,21685,0.93,23317,21546,0.93,23168
"합계",강북구,송중동,32963,1.22,27019,32378,1.22,26539,31068,1.22,25466,29310,1.22,24025,30293,1.22,24830,29549,1.22,24220,31153,1.01,30845,30934,1.01,30628,30035,1.01,29737.62376,29910,1.01,29614,29296,1.01,29006
"합계",강북구,송천동,31507,0.88,35803,30928,0.88,35145,30453,0.88,34606,30536,0.88,34700,29970,0.88,34057,29519,0.88,33544,28628,0.9,31809,27871,0.9,30968,26801,0.9,29778.88889,25998,0.9,28887,25208,0.9,28009
"합계",강북구,삼각산동,35035,0.62,56508,35020,0.62,56484,34782,0.62,56100,34452,0.62,55568,33834,0.62,54571,33524,0.62,54071,32900,0.62,53065,32118,0.62,51803,31470,0.62,50758.06452,30939,0.62,49902,30716,0.62,49542
"합계",강북구,우이동,21436,10.95,1958,21717,10.95,1983,21904,10.95,2000,22014,10.95,2010,21897,10.95,2000,21895,10.95,2000,21391,10.28,2081,21076,10.28,2050,20678,10.28,2011.478599,20407,10.28,1985,20000,10.28,1946
"합계",강북구,인수동,33651,2.93,11485,33811,2.93,11540,33332,2.93,11376,33089,2.93,11293,33129,2.93,11307,33046,2.93,11278,32461,3.28,9897,31545,3.28,9617,30563,3.28,9317.987805,29916,3.28,9121,29361,3.28,8952
"합계",도봉구,소계,360609,20.7,17418,355712,20.7,17183,353241,20.71,17056,350272,20.67,16948,346234,20.67,16752,341649,20.67,16531,335631,20.66,16245,327361,20.65,15852,319373,20.6510043,15465.2527,313989,20.65101,15205,309494,20.65101,14987
"합계",도봉구,쌍문1동,22731,1.24,18331,22623,1.24,18244,22590,1.24,18218,22555,1.24,18190,22326,1.24,18005,22428,1.24,18087,22364,1.24,18035,22016,1.24,17755,21658,1.24,17466.12903,21445,1.24,17294,21085,1.24,17004
"합계",도봉구,쌍문2동,21342,0.54,39522,21222,0.54,39300,21294,0.54,39433,21104,0.54,39081,20627,0.54,38198,20580,0.54,38111,20025,0.54,37083,19406,0.54,35937,18864,0.54,34933.33333,18461,0.54,34187,18082,0.54,33485
"합계",도봉구,쌍문3동,18357,0.5,36714,18180,0.5,36360,18028,0.5,36056,17762,0.5,35524,17482,0.5,34964,17406,0.5,34812,17262,0.5,34524,16922,0.5,33844,16768,0.5,33536,16934,0.5,33868,16651,0.5,33302
"합계",도봉구,쌍문4동,21388,0.52,41131,21269,0.52,40902,21102,0.52,40581,20763,0.52,39929,20480,0.52,39385,20102,0.52,38658,19811,0.52,38098,19297,0.52,37110,18643,0.52,35851.92308,18348,0.52,35285,18120,0.52,34846
"합계",도봉구,방학1동,32130,0.69,46565,31600,0.69,45797,31622,0.69,45829,31371,0.69,45465,30730,0.69,44536,30563,0.69,44294,30056,0.69,43559,29236,0.69,42371,28912,0.69,41901.44928,28410,0.69,41174,28005,0.69,40587
"합계",도봉구,방학2동,23623,0.74,31923,22948,0.74,31011,22631,0.74,30582,22391,0.74,30258,22304,0.74,30141,21648,0.74,29254,21140,0.74,28568,20473,0.74,27666,19867,0.74,26847.2973,19354,0.74,26154,18739,0.74,25323
"합계",도봉구,방학3동,31732,2.64,12020,31235,2.64,11831,30909,2.64,11708,30448,2.64,11533,29784,2.64,11282,29336,2.64,11112,28782,2.64,10902,27973,2.62,10677,27110,2.62,10347.32824,26500,2.62,10115,26155,2.62,9983
"합계",도봉구,창1동,28658,0.88,32566,28196,0.88,32041,27881,0.88,31683,27745,0.88,31528,27347,0.88,31076,26725,0.88,30369,26271,0.88,29853,25400,0.88,28864,24827,0.88,28212.5,24502,0.88,27843,24224,0.88,27527
"합계",도봉구,창2동,31379,1.07,29326,31211,1.07,29169,31123,1.07,29087,31477,1.07,29418,31758,1.07,29680,31351,1.07,29300,30498,1.07,28503,29912,1.05,28488,29337,1.05,27940,28957,1.05,27578,28468,1.05,27112
"합계",도봉구,창3동,15950,0.67,23806,15865,0.67,23679,15821,0.67,23613,15568,0.67,23236,15338,0.67,22893,15150,0.67,22612,14777,0.67,22055,14402,0.67,21496,13923,0.67,20780.59701,13633,0.67,20348,13297,0.67,19846
"합계",도봉구,창4동,30668,0.96,31946,30170,0.96,31427,29838,0.96,31081,29374,0.96,30598,28899,0.96,30103,28464,0.96,29650,27873,0.96,29034,27286,0.95,28722,26583,0.95,27982.10526,26121,0.95,27496,26281,0.95,27664
"합계",도봉구,창5동,27754,0.7,39649,27348,0.7,39069,27105,0.7,38721,26862,0.7,38374,26457,0.7,37796,26029,0.7,37184,25802,0.7,36860,25308,0.7,36154,24709,0.7,35298.57143,24343,0.7,34776,24022,0.7,34317
"합계",도봉구,도봉1동,24102,8.72,2764,23731,8.72,2721,23526,8.72,2698,23628,8.72,2710,23383,8.72,2682,22839,8.72,2619,22293,8.72,2557,21810,8.72,2501,21210,8.72,2432.33945,20622,8.72,2365,20209,8.72,2318
"합계",도봉구,도봉2동,30795,0.83,37102,30114,0.83,36282,29771,0.83,35869,29224,0.83,35210,29319,0.83,35324,29028,0.83,34973,28677,0.83,34551,27920,0.83,33639,26962,0.83,32484.33735,26359,0.83,31758,26156,0.83,31513
"합계",노원구,소계,594027,35.44,16763,586056,35.44,16538,578221,35.44,16317,571212,35.44,16119,558075,35.44,15748,548160,35.44,15468,537303,35.44,15162,527032,35.44,14872,514946,35.4392087,14530.40344,508014,35.4390551,14335,502925,35.439122,14191
"합계",노원구,월계1동,23056,1.16,19876,22768,1.16,19628,22875,1.16,19720,24289,1.16,20939,24144,1.16,20814,24087,1.16,20765,23883,1.16,20589,23085,1.16,19901,22240,1.16,19172.41379,21580,1.16,18603,21299,1.16,18361
"합계",노원구,월계2동,30189,1.94,15561,29551,1.94,15232,28708,1.94,14798,26914,1.94,13873,27306,1.94,14075,26692,1.94,13759,27289,1.94,14066,27615,1.94,14235,26704,1.94,13764.94845,26066,1.94,13436,25643,1.94,13218
"합계",노원구,월계3동,35551,1.17,30385,34984,1.17,29901,34528,1.17,29511,33919,1.17,28991,33314,1.17,28474,32496,1.17,27774,31593,1.17,27003,30790,1.17,26316,30069,1.17,25700,29384,1.17,25115,28889,1.17,24691
"합계",노원구,공릉2동,46738,6.82,6853,46120,6.82,6762,45297,6.82,6642,44747,6.82,6561,41895,6.82,6143,41539,6.82,6091,41071,6.82,6022,40360,6.82,5918,41004,6.82,6012.316716,42538,6.82,6237,42361,6.82,6211
"합계",노원구,하계1동,30548,1.55,19708,30003,1.55,19357,29635,1.55,19119,29914,1.55,19299,29899,1.55,19290,29901,1.55,19291,29305,1.55,18906,27965,1.55,18042,27036,1.55,17442.58065,26982,1.55,17408,26723,1.55,17241
"합계",노원구,하계2동,25529,0.51,50057,25304,0.51,49616,25078,0.51,49173,24778,0.51,48584,24393,0.51,47829,23852,0.51,46769,23318,0.51,45722,22723,0.51,44555,22034,0.51,43203.92157,21642,0.51,42435,21369,0.51,41900
"합계",노원구,중계본동,29658,1.97,15055,29161,1.97,14803,28567,1.97,14501,28026,1.97,14226,27449,1.97,13934,26863,1.97,13636,25875,1.97,13135,24942,1.97,12661,24009,1.97,12187.30964,23477,1.97,11917,23131,1.97,11742
"합계",노원구,중계1동,30571,0.63,48525,30124,0.63,47816,29782,0.63,47273,29363,0.63,46608,28828,0.63,45759,28351,0.63,45002,28061,0.63,44541,27556,0.63,43740,26877,0.63,42661.90476,26580,0.63,42190,26425,0.63,41944
"합계",노원구,중계4동,22335,1.7,13138,22842,1.7,13436,22707,1.7,13357,22336,1.7,13139,22098,1.7,12999,21841,1.7,12848,21324,1.7,12544,20752,1.7,12207,19975,1.7,11750,19601,1.7,11530,19306,1.7,11356
"합계",노원구,상계1동,44029,5.62,7834,43376,5.62,7718,42935,5.62,7640,42402,5.62,7545,41695,5.62,7419,41010,5.62,7297,40121,5.62,7139,39204,5.62,6976,38275,5.62,6810.498221,37857,5.62,6736,36995,5.62,6583
"합계",노원구,상계2동,22574,0.61,37007,22483,0.61,36857,22250,0.61,36475,22171,0.61,36346,21926,0.61,35944,21624,0.61,35449,21220,0.61,34787,20692,0.61,33921,20143,0.61,33021.31148,19629,0.61,32179,19266,0.61,31584
"합계",노원구,상계5동,24084,0.44,54736,23769,0.44,54020,28084,0.44,63827,27742,0.44,63050,27048,0.44,61473,26230,1.01,25970,25483,0.44,57916,24797,0.44,56357,24077,1.01,23838.61386,23737,1.01,23502,23157,1.01,22928
"합계",노원구,상계8동,26646,0.67,39770,26207,0.67,39115,26026,0.67,38845,25627,0.67,38249,25143,0.67,37527,24427,0.67,36458,23953,0.67,35751,22963,0.67,34273,22598,0.67,33728.35821,22344,0.67,33349,21892,0.67,32675
"합계",노원구,상계9동,24552,0.81,30311,24156,0.81,29822,23848,0.81,29442,23300,0.81,28765,22854,0.81,28215,22348,0.81,27590,21919,0.81,27060,21221,0.81,26199,20529,0.81,25344.44444,20071,0.81,24779,19751,0.81,24384
"합계",노원구,상계10동,20345,0.8,25431,20059,0.8,25074,19709,0.8,24636,19155,0.8,23944,17446,0.8,21808,17021,0.8,21276,16619,0.8,20774,17631,0.8,22039,18731,0.8,23413.75,18477,0.8,23096,18246,0.8,22808
"합계",노원구,상계3.4동,38405,5.62,6834,37314,5.62,6640,31990,5.62,5692,30174,5.62,5369,27742,5.62,4936,26622,5.05,5272,25818,5.62,4594,27184,5.62,4837,26268,5.05,5201.584158,25324,5.05,5015,27606,5.05,5467
"합계",노원구,상계6.7동,36756,1.11,33114,36370,1.11,32766,35872,1.11,32317,36593,1.11,32967,36103,1.11,32525,35480,1.11,31964,34648,1.11,31214,33642,1.11,30308,32774,1.11,29526.12613,32044,1.11,28868,31565,1.11,28437
"합계",노원구,중계2.3동,41977,0.9,46641,41126,0.9,45696,40388,0.9,44876,39542,0.9,43936,38764,0.9,43071,37786,0.9,41984,36763,0.9,40848,35586,0.9,39540,34326,0.9,38140,33497,0.9,37219,32618,0.9,36242
"합계",노원구,공릉1동,40484,1.41,28712,40339,1.41,28609,39942,1.41,28328,40220,1.41,28525,40028,1.41,28389,39990,1.41,28362,39040,1.41,27688,38324,1.41,27180,37277,1.41,26437.58865,37184,1.41,26372,36683,1.41,26016
"합계",은평구,소계,508111,29.7,17107,503243,29.7,16943,502578,29.7,16920,495937,29.7,16696,491202,29.71,16534,487666,29.71,16415,484546,29.71,16308,484043,29.71,16292,477173,29.7105215,16060.74131,470602,29.7134521,15838,470869,29.7101543,15849
"합계",은평구,녹번동,32991,1.79,18431,31163,1.79,17409,32347,1.79,18071,33068,1.79,18474,33053,1.79,18465,34901,1.79,19498,38411,1.79,21459,37815,1.79,21126,37164,1.79,20762.01117,36884,1.79,20606,36511,1.79,20397
"합계",은평구,불광1동,43220,3.13,13808,43291,3.13,13831,42770,3.13,13665,42833,3.13,13685,42356,3.13,13532,41585,3.13,13286,40917,3.13,13073,40022,3.13,12787,38777,3.13,12388.81789,38265,3.13,12225,37694,3.13,12043
"합계",은평구,갈현1동,26315,0.97,27129,26023,0.97,26828,25892,0.97,26693,25974,0.97,26777,25591,0.97,26382,25191,0.97,25970,24536,0.97,25295,23396,0.97,24120,22077,0.97,22759.79381,17151,0.97,17681,14644,0.97,15097
"합계",은평구,갈현2동,29351,0.96,30574,29942,0.96,31190,30309,0.96,31572,30930,0.96,32219,30907,0.96,32195,30692,0.96,31971,30150,0.96,31406,29239,0.96,30457,28547,0.96,29736.45833,28176,0.96,29350,27714,0.96,28869
"합계",은평구,구산동,33804,1.38,24496,33646,1.38,24381,34330,1.38,24877,34302,1.38,24857,33819,1.38,24507,34132,1.38,24733,33804,1.38,24496,32997,1.38,23911,32464,1.38,23524.63768,32020,1.38,23203,31663,1.38,22944
"합계",은평구,대조동,32449,0.85,38175,32892,0.85,38696,33327,0.85,39208,33485,0.85,39394,33362,0.85,39249,32608,0.85,38362,27910,0.85,32835,27579,0.85,32446,27204,0.85,32004.70588,26862,0.85,31602,27758,0.85,32656
"합계",은평구,응암1동,32745,1.2,27288,32588,1.2,27157,32806,1.2,27338,27790,1.2,23158,26400,1.2,22000,26185,1.2,21821,25654,1.2,21378,31265,1.2,26054,33287,1.2,27739.16667,33279,1.2,27733,32969,1.2,27474
"합계",은평구,응암2동,26769,0.78,34319,25370,0.78,32526,23264,0.78,29826,19972,0.78,25605,21712,0.78,27836,21086,0.78,27033,25466,0.78,32649,27776,0.78,35610,28107,0.78,36034.61538,28016,0.78,35918,27544,0.78,35313
"합계",은평구,신사1동,28492,0.84,33919,28319,0.84,33713,28541,0.84,33977,28410,0.84,33821,28169,0.84,33535,28926,0.84,34436,28570,0.84,34012,27776,0.84,33067,27231,0.84,32417.85714,26984,0.84,32124,26688,0.84,31771
"합계",은평구,신사2동,22678,1,22678,22288,1,22288,22193,1,22193,22255,1,22255,22210,1,22210,22247,1,22247,21875,1,21875,20945,1,20945,20330,1,20330,19497,1,19497,19101,1,19101
"합계",은평구,증산동,20815,0.81,25698,20496,0.81,25304,19978,0.81,24664,19422,0.81,23978,16924,0.81,20894,16412,0.81,20262,16172,0.81,19965,15487,0.81,19120,15034,0.81,18560.49383,18647,0.81,23021,18415,0.81,22735
"합계",은평구,수색동,19277,1.29,14943,18780,1.29,14558,16723,1.29,12964,16048,1.29,12440,13830,1.29,10721,11266,1.29,8733,8952,1.29,6940,11258,1.29,8727,12752,1.29,9885.271318,13210,1.29,10240,20560,1.29,15938
"합계",은평구,진관동,51666,11.52,4485,51981,11.52,4512,53613,11.52,4654,53811,11.53,4667,55569,11.53,4820,56487,11.53,4899,58006,11.53,5031,57256,11.53,4966,56012,11.53,4857.93582,55034,11.53,4773,54607,11.53,4736
"합계",은평구,불광2동,29948,1.38,21701,29421,1.38,21320,29328,1.38,21252,29881,1.38,21653,30208,1.38,21890,29914,1.38,21677,29552,1.38,21414,28740,1.38,20826,27798,1.38,20143.47826,27280,1.38,19768,26972,1.38,19545
"합계",은평구,응암3동,27795,0.63,44119,27623,0.63,43846,27254,0.63,43260,27152,0.63,43098,26639,0.63,42284,26417,0.63,41932,26081,0.63,41398,25553,0.63,40560,24637,0.63,39106.34921,24313,0.63,38592,23822,0.63,37813
"합계",은평구,역촌동,49796,1.16,42928,49420,1.16,42603,49903,1.16,43020,50604,1.16,43624,50453,1.16,43494,49617,1.16,42773,48490,1.16,41802,46939,1.16,40465,45752,1.16,39441.37931,44984,1.16,38779,44207,1.16,38109
"합계",서대문구,소계,324067,17.61,18405,320861,17.61,18225,323105,17.61,18351,325871,17.61,18506,325028,17.63,18440,323080,17.62,18331,323171,17.63,18335,322952,17.63,18322,315659,17.6263893,17908.31886,319554,17.6269794,18129,320629,17.62632,18190
"합계",서대문구,천연동,20413,0.97,21044,20278,0.97,20905,20114,0.97,20736,19915,0.97,20531,19365,0.97,19964,19044,0.97,19633,18704,0.97,19282,18049,0.97,18607,17359,0.97,17895.87629,17031,0.97,17558,16789,0.97,17308
"합계",서대문구,홍제1동,26991,1.23,21944,26592,1.23,21620,24438,1.23,19868,24982,1.23,20311,24422,1.23,19855,23123,1.23,18799,24997,1.23,20323,24604,1.23,20003,23929,1.23,19454.47154,24674,1.23,20060,24959,1.23,20292
"합계",서대문구,홍제3동,20054,0.81,24758,19875,0.81,24537,19614,0.81,24215,19418,0.81,23973,17201,0.81,21236,16616,0.81,20514,16420,0.81,20272,15983,1.05,15222,15478,0.81,19108.64198,17890,0.81,22086,17842,0.81,22027
"합계",서대문구,홍제2동,15745,1.05,14995,15540,1.05,14800,15446,1.05,14710,15247,1.05,14521,15009,1.05,14294,14934,1.05,14223,14570,1.05,13876,14334,0.81,17696,13801,1.05,13143.80952,13433,1.05,12793,13281,1.05,12649
"합계",서대문구,홍은1동,26236,1.58,16605,25651,1.58,16235,24842,1.58,15723,23846,1.58,15092,23321,1.58,14760,24131,1.58,15273,22902,1.58,14495,23266,1.58,14725,22933,1.58,14514.55696,22825,1.58,14446,22410,1.58,14184
"합계",서대문구,홍은2동,30330,2.06,14723,30540,2.06,14825,30401,2.06,14758,30606,2.06,14857,30116,2.06,14619,29004,2.06,14080,28394,2.06,13783,27734,2.06,13463,27222,2.06,13214.56311,27499,2.06,13349,29394,2.06,14269
"합계",서대문구,남가좌1동,3893,0.48,8110,3718,0.48,7746,11293,0.51,22143,16929,0.51,33194,17266,0.51,33855,17199,0.51,33724,16918,0.51,33173,16141,0.51,31649,15627,0.51,30641.17647,16884,0.51,33106,16927,0.51,33190
"합계",서대문구,남가좌2동,30514,0.79,38625,29817,0.79,37743,27549,0.77,35778,23539,0.77,30570,23238,0.77,30179,24989,0.77,32453,25947,0.77,33697,30996,0.77,40255,30807,0.77,40009.09091,30508,0.77,39621,30385,0.77,39461
"합계",서대문구,북가좌1동,19872,0.53,37494,19990,0.53,37717,19844,0.52,38162,19873,0.52,38217,19779,0.52,38037,19311,0.52,37137,19160,0.55,34836,18557,0.55,33740,18121,0.55,32947.27273,17804,0.55,32371,17678,0.55,32142
"합계",서대문구,북가좌2동,34234,0.84,40755,34264,0.84,40790,34629,0.84,41225,34804,0.84,41433,34718,0.84,41331,34237,0.84,40758,33810,0.84,40250,32947,0.84,39223,31893,0.84,37967.85714,31244,0.84,37195,31026,0.84,36936
"합계",서대문구,충현동,20555,1.12,18353,19650,1.12,17545,19376,1.12,17300,19212,1.12,17154,18768,1.12,16757,18291,1.12,16331,18113,1.12,16172,21229,1.12,18954,20760,1.12,18535.71429,20316,1.12,18139,20148,1.12,17989
"합계",서대문구,북아현동,10856,0.46,23600,10544,0.46,22922,11154,0.46,24248,12993,0.46,28246,17688,0.46,38452,17832,0.46,38765,17525,0.46,38098,16956,0.46,36861,16236,0.46,35295.65217,15875,0.46,34511,15756,0.46,34252
"합계",서대문구,신촌동,21634,2.63,8226,22027,2.63,8375,22545,2.63,8572,23077,2.63,8775,23309,2.63,8863,23917,2.63,9094,24372,2.63,9267,23051,2.63,8765,23759,2.63,9033.840304,26143,2.63,9940,26846,2.63,10208
"합계",서대문구,연희동,42740,3.05,14013,42375,3.05,13893,41860,3.05,13725,41430,3.05,13584,40828,3.05,13386,40452,3.05,13263,41339,3.05,13554,39105,3.05,12821,37734,3.05,12371.80328,37428,3.05,12271,37188,3.05,12193
"합계",마포구,소계,391098,23.84,16407,395830,23.84,16607,398351,23.84,16706,390887,23.84,16394,385783,23.85,16174,386359,23.85,16199,385925,23.85,16180,381858,23.85,16011,378686,23.8500809,15877.76585,375585,23.8536357,15745,375162,23.8539657,15727
"합계",마포구,용강동,19256,0.84,22924,20293,0.84,24158,22138,0.84,26355,22535,0.84,26827,22525,0.84,26815,22647,0.84,26961,22441,0.84,26715,22257,0.84,26496,22038,0.84,26235.71429,21786,0.84,25936,21642,0.84,25764
"합계",마포구,대흥동,15791,0.88,17944,17275,0.88,19631,15405,0.88,17506,14223,0.88,16163,13891,0.88,15785,13661,0.88,15524,13575,0.88,15426,15863,0.87,18233,15848,0.87,18216.09195,16177,0.87,18594,16269,0.88,18488
"합계",마포구,염리동,16539,0.43,38463,15724,0.42,37438,16005,0.43,37221,12033,0.43,27984,11388,0.43,26484,13063,0.43,30379,13486,0.43,31363,12864,0.44,29236,17657,0.44,40129.54545,17633,0.44,40075,17664,0.43,41079
"합계",마포구,신수동,22161,0.78,28412,21619,0.78,27717,20230,0.78,25936,22093,0.78,28324,21847,0.78,28009,21806,0.78,27956,23877,0.78,30612,23606,0.78,30264,22834,0.78,29274.35897,22672,0.78,29067,22496,0.78,28841
"합계",마포구,서교동,30169,1.63,18509,29383,1.63,18026,28125,1.65,17045,27798,1.65,16847,26580,1.65,16109,26264,1.65,15918,25997,1.65,15756,26981,1.65,16352,26549,1.65,16090.30303,26674,1.65,16166,26359,1.65,15975
"합계",마포구,합정동,20332,1.71,11890,19732,1.71,11539,19986,1.69,11826,20272,1.69,11995,19893,1.69,11771,19535,1.72,11358,19153,1.72,11135,18576,1.72,10800,17649,1.72,10261.04651,17064,1.72,9921,16717,1.69,9892
"합계",마포구,망원1동,24174,1.14,21205,23402,1.14,20528,22751,1.14,19957,22292,1.14,19554,21790,1.14,19114,22125,1.13,19580,21856,1.13,19342,21113,1.13,18684,20351,1.13,18009.73451,19757,1.13,17484,19475,1.14,17083
"합계",마포구,망원2동,21082,0.67,31466,21071,0.67,31449,20809,0.67,31058,20494,0.67,30588,20017,0.67,29876,19641,0.67,29315,19386,0.67,28934,19216,0.67,28681,18764,0.67,28005.97015,18449,0.67,27536,18155,0.67,27097
"합계",마포구,연남동,20155,0.65,31008,19753,0.65,30389,19157,0.65,29472,18592,0.65,28603,17803,0.65,27389,17393,0.64,27177,16953,0.64,26489,16682,0.64,26066,15899,0.64,24842.1875,15603,0.64,24380,15190,0.65,23369
"합계",마포구,성산1동,21430,0.8,26788,21283,0.8,26604,21272,0.8,26590,20838,0.8,26048,20609,0.8,25761,20443,0.8,25554,20164,0.8,25205,19679,0.8,24599,19246,0.8,24057.5,19079,0.8,23849,18947,0.8,23684
"합계",마포구,성산2동,40819,2.07,19719,40456,2.07,19544,40265,2.07,19452,40199,2.07,19420,40566,2.07,19597,41743,2.07,20166,41531,2.07,20063,40669,2.07,19647,39909,2.07,19279.71014,39500,2.07,19082,39099,2.07,18888
"합계",마포구,상암동,33636,8.4,4004,33522,8.4,3991,33875,8.4,4033,33814,8.4,4025,33417,8.4,3978,33550,8.4,3994,32882,8.4,3915,31997,8.4,3809,31473,8.4,3746.785714,30837,8.4,3671,30414,8.4,3621
"합계",마포구,도화동,23773,0.62,38344,23557,0.62,37995,23403,0.62,37747,23387,0.62,37721,23087,0.62,37237,22845,0.62,36847,22594,0.62,36442,21998,0.62,35481,21391,0.62,34501.6129,21118,0.62,34061,20899,0.62,33708
"합계",마포구,서강동,25244,1.45,17410,26300,1.45,18138,26655,1.45,18383,26362,1.45,18181,26120,1.45,18014,25622,1.45,17670,26163,1.45,18043,25386,1.45,17508,25600,1.45,17655.17241,25576,1.45,17639,25405,1.45,17521
"합계",마포구,공덕동,37489,1.01,37118,36760,1.01,36396,39391,1.01,39001,39705,1.01,39312,40669,1.01,40266,40506,1.01,40105,40509,1.01,40108,38750,1.01,38366,37792,1.01,37417.82178,37476,1.01,37105,37123,1.01,36755
"합계",마포구,아현동,19048,0.76,25063,25700,0.77,33377,28884,0.76,38005,26250,0.76,34539,25581,0.76,33659,25515,0.76,33572,25358,0.76,33366,26221,0.76,34501,25686,0.76,33797.36842,26184,0.76,34453,29308,0.76,38563
"합계",양천구,소계,496934,17.4,28554,490708,17.4,28196,489010,17.4,28098,481845,17.41,27681,475018,17.41,27289,468145,17.41,26894,462285,17.41,26559,457781,17.41,26301,450487,17.4056933,25881.58899,444010,17.4056939,25509,439252,17.4060397,25236
"합계",양천구,목1동,33125,1.41,23493,32783,1.41,23250,33380,1.41,23674,32960,1.41,23376,32698,1.41,23190,32458,1.41,23020,32173,1.41,22818,31727,1.41,22501,30883,1.41,21902.83688,30536,1.41,21657,30419,1.41,21574
"합계",양천구,목2동,31799,1.03,30873,31155,1.03,30248,31694,1.03,30771,31956,1.03,31025,31988,1.03,31056,31754,1.03,30829,31477,1.03,30560,30705,1.03,29811,30139,1.03,29261.16505,29641,1.03,28778,29098,1.03,28250
"합계",양천구,목3동,23173,0.53,43723,22878,0.53,43166,22050,0.53,41604,22005,0.53,41519,22212,0.53,41909,23231,0.53,43832,23095,0.53,43575,22643,0.53,42723,21977,0.53,41466.03774,21719,0.53,40979,21395,0.53,40368
"합계",양천구,목4동,28717,0.57,50381,28311,0.57,49668,28044,0.57,49200,27940,0.57,49018,27596,0.57,48414,27289,0.57,47875,26909,0.57,47209,26190,0.57,45947,25544,0.57,44814.03509,25018,0.57,43891,24619,0.57,43191
"합계",양천구,신월1동,24718,0.65,38028,24387,0.65,37518,23851,0.65,36694,23328,0.65,35889,22927,0.65,35272,22379,0.65,34429,21773,0.65,33497,21246,0.65,32686,20693,0.65,31835.38462,20343,0.65,31297,19683,0.65,30282
"합계",양천구,신월2동,21282,0.61,34889,23002,0.61,37708,23422,0.61,38397,23542,0.61,38593,23280,0.61,38164,22853,0.61,37464,22126,0.61,36272,21520,0.61,35279,20819,0.61,34129.5082,20569,0.61,33720,20944,0.61,34334
"합계",양천구,신월3동,17853,0.87,20521,17528,0.87,20147,18461,0.87,21220,18276,0.87,21007,17649,0.87,20286,17186,0.87,19754,16719,0.87,19217,15965,0.87,18351,15372,0.87,17668.96552,14934,0.87,17166,14466,0.87,16628
"합계",양천구,신월4동,19566,0.52,37627,19641,0.52,37771,19914,0.52,38296,20009,0.52,38479,19675,0.52,37837,19335,0.52,37183,19026,0.52,36588,18487,0.52,35552,18012,0.52,34638.46154,17698,0.52,34035,17555,0.52,33760
"합계",양천구,신월5동,16552,0.69,23988,16426,0.69,23806,16490,0.69,23899,16391,0.69,23755,16066,0.69,23284,15759,0.69,22839,15570,0.69,22565,15189,0.69,22013,14750,0.69,21376.81159,14461,0.69,20958,14120,0.69,20464
"합계",양천구,신월6동,12573,0.41,30666,12251,0.41,29880,11841,0.41,28880,7947,0.41,19383,7078,0.41,17263,6815,0.41,16622,6615,0.41,16134,13798,0.41,33654,13945,0.41,34012.19512,13816,0.41,33698,13927,0.41,33968
"합계",양천구,신월7동,24782,1.19,20825,24062,1.19,20220,23919,1.19,20100,23493,1.19,19742,23153,1.19,19456,22347,1.19,18779,21602,1.19,18153,20651,1.19,17354,19917,1.19,16736.97479,19199,1.19,16134,18811,1.19,15808
"합계",양천구,신정1동,19879,0.7,28399,19319,0.7,27599,18979,0.7,27113,21854,0.7,31220,21861,0.7,31230,21677,0.7,30967,21627,0.7,30896,21074,0.7,30106,20487,0.7,29267.14286,19962,0.7,28517,19820,0.7,28314
"합계",양천구,신정2동,22507,0.52,43283,22077,0.52,42456,21953,0.52,42217,21492,0.52,41331,21261,0.52,40887,20987,0.52,40360,20685,0.52,39779,20207,0.52,38860,19596,0.52,37684.61538,19003,0.52,36544,18869,0.52,36287
"합계",양천구,신정3동,57667,2.72,21201,56535,2.72,20785,55866,2.72,20539,52998,2.72,19485,50810,2.72,18680,48799,2.72,17941,48151,2.72,17703,46787,2.72,17201,49979,2.72,18374.63235,50587,2.72,18598,49890,2.72,18342
"합계",양천구,신정6동,26911,0.96,28032,26551,0.96,27657,26375,0.96,27474,25918,0.96,26998,25745,0.96,26818,25500,0.96,26563,25304,0.96,26358,25038,0.96,26081,24552,0.96,25575,24152,0.96,25158,23985,0.96,24984
"합계",양천구,신정7동,32959,1.21,27239,32499,1.21,26859,32030,1.21,26471,31435,1.21,25979,30787,1.21,25444,30193,1.21,24953,30904,1.21,25540,30075,1.21,24855,29171,1.21,24108.26446,28579,1.21,23619,28431,1.21,23497
"합계",양천구,목5동,45559,1.81,25171,44760,1.81,24729,44545,1.81,24610,43987,1.81,24302,43749,1.81,24171,43390,1.81,23972,42948,1.81,23728,42288,1.81,23364,41308,1.81,22822.09945,40737,1.81,22507,40818,1.81,22551
"합계",양천구,신정4동,37312,1.01,36943,36543,1.01,36181,36196,1.01,35838,36314,1.01,35954,36483,1.01,36122,36193,1.01,35835,35581,1.01,35229,34191,1.01,33852,33343,1.01,33012.87129,33056,1.01,32729,32402,1.01,32081
"합계",강서구,소계,575236,41.43,13885,591653,41.43,14282,595691,41.44,14376,602104,41.44,14531,608255,41.44,14679,603611,41.44,14567,598273,41.44,14438,585901,41.44,14140,579768,41.452201,13986.42258,574638,41.4533371,13862,568826,41.4519539,13723
"합계",강서구,염창동,42600,1.74,24483,42281,1.74,24299,42118,1.74,24206,41116,1.74,23630,40900,1.74,23506,41016,1.74,23572,42579,1.74,24471,42017,1.74,24148,41764,1.74,24002.29885,41628,1.74,23924,41490,1.74,23845
"합계",강서구,등촌1동,23136,0.59,39214,23068,0.59,39098,22726,0.59,38519,23067,0.59,39097,23531,0.59,39883,23558,0.59,39929,23717,0.59,40198,24338,0.64,38028,24436,0.64,38181.25,24991,0.64,39048,25184,0.64,39350
"합계",강서구,등촌2동,22182,0.92,24111,21755,0.92,23647,21706,0.92,23593,22072,0.92,23991,22255,0.92,24190,22118,0.92,24041,21868,0.92,23770,21216,0.92,23061,20423,0.92,22198.91304,19855,0.92,21582,19481,0.92,21175
"합계",강서구,등촌3동,37093,0.79,46953,36071,0.79,45659,35567,0.79,45022,34962,0.79,44256,34205,0.79,43297,33279,0.79,42125,32506,0.79,41147,31660,0.79,40076,30714,0.79,38878.48101,30025,0.79,38006,29576,0.79,37438
"합계",강서구,화곡본동,37233,1.11,33543,36587,1.11,32961,36575,1.11,32950,36628,1.11,32998,36640,1.11,33009,36390,1.11,32784,35918,1.11,32359,34981,0.98,35695,34612,0.98,35318.36735,34121,0.98,34817,33346,0.98,34027
"합계",강서구,화곡2동,20543,0.47,43709,20228,0.47,43038,20246,0.47,43077,20465,0.47,43543,20413,0.47,43432,20041,0.47,42640,19487,0.47,41462,18727,0.45,41616,18096,0.45,40213.33333,17785,0.45,39522,17358,0.45,38573
"합계",강서구,화곡3동,24247,0.51,47543,23765,0.51,46598,23556,0.51,46188,23190,0.51,45471,22903,0.51,44908,22730,0.51,44569,22710,0.51,44529,21938,0.53,41392,21661,0.53,40869.81132,21603,0.53,40760,21261,0.53,40115
"합계",강서구,화곡4동,23634,0.82,28822,23188,0.82,28278,23382,0.82,28515,23317,0.82,28435,23141,0.82,28221,22694,0.82,27676,22044,0.82,26883,21413,0.82,26113,20820,0.82,25390.2439,20514,0.82,25017,20017,0.82,24411
"합계",강서구,화곡6동,26032,1.12,23243,25781,1.12,23019,25778,1.12,23016,25797,1.12,23033,25099,1.12,22410,24840,1.12,22179,25118,1.12,22427,25133,1.11,22642,25096,1.11,22609.00901,25303,1.11,22795,26236,1.11,23636
"합계",강서구,화곡8동,27811,0.53,52474,27567,0.53,52013,27311,0.53,51530,27232,0.53,51381,27097,0.53,51126,26833,0.53,50628,26509,0.53,50017,25674,0.53,48442,24789,0.53,46771.69811,24415,0.53,46066,23888,0.53,45072
"합계",강서구,가양1동,22252,4.7,4734,23585,4.7,5018,24996,4.7,5318,27547,4.7,5861,32636,4.7,6944,33556,4.7,7140,34154,4.7,7267,34540,4.7,7349,34395,4.7,7318.085106,34359,4.7,7310,34145,4.7,7265
"합계",강서구,가양2동,17581,1,17581,17098,1,17098,16775,1,16775,16432,1,16432,16246,1,16246,15763,1,15763,15140,1,15140,14588,1,14588,14109,1,14109,13902,1,13902,13539,1,13539
"합계",강서구,가양3동,18583,0.99,18771,18051,0.99,18233,17696,0.99,17875,17289,0.99,17464,16771,0.99,16940,16516,0.99,16683,16199,0.99,16363,15583,0.5,31166,15138,0.5,30276,14678,0.5,29356,14207,0.5,28414
"합계",강서구,발산1동,33353,2.96,11268,39714,2.96,13417,40424,2.96,13657,39921,2.96,13487,39414,2.96,13316,38879,2.96,13135,38507,2.96,13009,37530,2.94,12765,36572,2.94,12439.45578,36236,2.94,12325,35955,2.94,12230
"합계",강서구,공항동,22250,10.87,2047,21490,10.87,1977,21088,10.87,1940,24660,10.87,2269,28554,10.87,2627,28646,10.87,2635,28261,10.87,2600,27627,10.87,2542,31483,10.87,2896.320147,30927,10.87,2845,30035,10.87,2763
"합계",강서구,방화1동,30828,1.04,29642,42282,1.04,40656,43914,1.04,42225,46284,1.04,44504,46694,1.04,44898,46357,1.04,44574,45668,1.04,43912,44550,1.48,30101,43181,1.48,29176.35135,42851,1.48,28953,42283,1.48,28570
"합계",강서구,방화2동,25955,6.41,4049,25327,6.41,3951,25212,6.41,3933,25035,6.41,3906,24731,6.41,3858,24391,6.41,3805,24051,6.41,3752,23442,6.41,3657,23656,6.41,3690.483619,23371,6.41,3646,22978,6.41,3585
"합계",강서구,방화3동,27256,2.38,11452,26348,2.38,11071,26257,2.38,11032,25779,2.38,10832,25417,2.38,10679,24912,2.38,10467,24467,2.38,10280,23577,2.55,9246,22924,2.55,8989.803922,22544,2.55,8841,22110,2.55,8671
"합계",강서구,화곡1동,52933,1.12,47262,52571,1.12,46938,53295,1.12,47585,54425,1.12,48594,54795,1.12,48924,54687,1.12,48828,54562,1.12,48716,53380,1.12,47661,52770,1.12,47116.07143,52647,1.12,47006,51791,1.12,46242
"합계",강서구,우장산동,39734,1.36,29216,44896,1.36,33012,47069,1.36,34610,46886,1.36,34475,46813,1.36,34421,46405,1.36,34121,44808,1.36,32947,43987,1.36,32343,43129,1.36,31712.5,42883,1.36,31532,43946,1.36,32313
"합계",구로구,소계,452168,20.12,22475,457131,20.12,22721,454604,20.12,22596,449600,20.12,22347,441559,20.12,21946,438486,20.12,21793,439371,20.12,21837,432488,20.12,21496,421163,20.1191038,20933.48711,418418,20.1215763,20794,415651,20.1229083,20656
"합계",구로구,신도림동,38117,1.47,25930,37807,1.47,25719,38233,1.47,26009,38202,1.47,25988,37861,1.47,25756,37615,1.47,25588,37188,1.47,25298,36494,1.47,24826,36342,1.47,24722.44898,36138,1.47,24584,36313,1.47,24703
"합계",구로구,구로1동,23013,1.02,22562,22889,1.02,22440,22886,1.02,22437,22645,1.02,22201,22359,1.02,21921,21911,1.02,21481,22097,1.02,21664,21632,1.02,21208,21166,1.02,20750.98039,20936,1.02,20525,20705,1.02,20299
"합계",구로구,구로3동,28955,1.02,28387,28810,1.02,28245,28449,1.02,27891,28081,1.02,27530,27620,1.02,27078,26974,1.02,26445,26290,1.02,25775,25722,1.02,25218,25157,1.02,24663.72549,25055,1.02,24564,25049,1.02,24558
"합계",구로구,구로4동,30165,0.46,65576,30153,0.46,65550,29517,0.46,64167,28651,0.46,62285,27538,0.46,59865,27165,0.46,59054,26219,0.46,56998,25031,0.46,54415,23745,0.46,51619.56522,23052,0.46,50113,22557,0.46,49037
"합계",구로구,구로5동,35303,1.03,34275,35333,1.03,34304,34993,1.03,33974,35068,1.03,34047,34370,1.03,33369,34085,1.03,33092,33426,1.03,32452,32339,1.03,31397,31822,1.03,30895.14563,31740,1.03,30816,31720,1.03,30796
"합계",구로구,고척1동,25602,1.16,22071,25650,1.16,22112,25646,1.16,22109,25371,1.16,21872,24911,1.16,21475,24659,1.16,21258,24182,1.16,20847,23547,1.16,20299,22657,1.16,19531.89655,25636,1.16,22100,26690,1.16,23009
"합계",구로구,고척2동,31449,1.02,30832,30807,1.02,30203,30491,1.02,29893,30410,1.02,29814,30206,1.02,29614,29543,1.02,28964,28950,1.02,28382,27853,1.02,27307,27092,1.02,26560.78431,26557,1.02,26036,26250,1.02,25735
"합계",구로구,개봉2동,35171,0.8,43964,34920,0.8,43650,34765,0.8,43456,34663,0.8,43329,34293,0.8,42866,33715,0.8,42144,33036,0.8,41295,32218,0.8,40273,31314,0.8,39142.5,30665,0.8,38331,30158,0.8,37698
"합계",구로구,개봉3동,22483,0.81,27757,22287,0.81,27515,22472,0.81,27743,22262,0.81,27484,22267,0.81,27490,22156,0.81,27353,22005,0.81,27167,21284,0.81,26277,20590,0.81,25419.75309,20251,0.81,25001,19985,0.81,24673
"합계",구로구,오류1동,21572,0.59,36563,21908,0.59,37132,21999,0.59,37286,21943,0.59,37192,21547,0.59,36520,22651,0.59,38392,23295,0.59,39483,23360,0.59,39593,23155,0.59,39245.76271,23126,0.59,39197,23363,0.59,39598
"합계",구로구,수궁동,26087,2.67,9770,25905,2.67,9702,25832,2.67,9675,25920,2.67,9708,25851,2.67,9682,25461,2.67,9536,24890,2.67,9322,24297,2.67,9100,23806,2.67,8916.104869,23332,2.67,8739,23109,2.67,8655
"합계",구로구,가리봉동,19507,0.4,48768,19630,0.4,49075,18934,0.4,47335,17575,0.4,43938,16207,0.4,40518,16206,0.4,40515,15250,0.4,38125,14263,0.4,35658,13091,0.4,32727.5,12653,0.4,31633,12458,0.4,31145
"합계",구로구,구로2동,39064,1.76,22195,39124,1.76,22230,38125,1.76,21662,37072,1.76,21064,35893,1.76,20394,36289,1.76,20619,35208,1.76,20005,33050,1.76,18778,31164,1.76,17706.81818,30093,1.76,17098,29019,1.76,16488
"합계",구로구,개봉1동,34191,1.31,26100,36050,1.31,27519,36032,1.31,27505,35883,1.31,27392,35131,1.31,26818,34658,1.31,26456,33835,1.31,25828,35239,1.31,26900,34560,1.31,26381.67939,34105,1.31,26034,33907,1.31,25883
"합계",구로구,오류2동,41488,4.6,9019,45858,4.6,9969,46230,4.6,10050,45854,4.6,9968,45505,4.6,9892,45398,4.6,9869,53500,4.6,11630,39755,3.2,12423,39026,3.2,12195.625,38528,3.2,12040,37888,3.2,11840
"합계",구로구,항동,-,-,-,-,-,-,-,-,-,-,-,-,-,-,-,-,-,-,-,-,-,16404,1.4,11717,16476,1.4,11768.57143,16551,1.4,11822,16480,1.4,11771
"합계",구로구,기타,1,-,-,-,-,-,-,-,-,-,-,-,-,-,-,-,-,-,-,-,-,-,-,-,-,-,-,-,-,-,-,-,-
"합계",금천구,소계,258254,13.02,19840,258030,13.02,19818,256167,13.02,19675,254654,13.02,19560,253491,13.02,19469,254021,13.02,19510,251820,13.02,19341,247835,13.02,19035,244891,13.0204822,18808.136,242818,13.0205019,18649,241105,13.0205276,18517
"합계",금천구,가산동,23519,2.5,9408,23961,2.5,9584,23926,2.5,9570,23488,2.52,9321,23274,2.52,9236,24459,2.52,9706,24455,2.52,9704,25973,2.52,10307,26179,2.52,10388.49206,26569,2.52,10543,27152,2.52,10775
"합계",금천구,독산1동,34673,2.08,16670,34550,2.09,16531,34010,2.09,16273,36800,2.09,17608,39421,2.09,18862,41826,2.09,20012,43840,2.09,20976,44191,2.09,21144,46698,2.09,22343.54067,47573,2.09,22762,48084,2.09,23007
"합계",금천구,독산2동,23899,0.61,39179,23607,0.6,39345,23644,0.6,39407,23077,0.6,38462,22670,0.6,37783,22103,0.6,36838,21405,0.6,35675,20666,0.6,34443,20175,0.6,33625,19562,0.6,32603,19152,0.6,31920
"합계",금천구,독산3동,31712,0.92,34470,32007,0.92,34790,32016,0.92,34800,31245,0.92,33962,30584,0.92,33243,30702,0.92,33372,29916,0.92,32517,28535,0.92,31016,27595,0.92,29994.56522,27239,0.92,29608,26903,0.92,29242
"합계",금천구,독산4동,20096,0.59,34061,20028,0.59,33946,19806,0.59,33569,19158,0.59,32471,18996,0.59,32197,18776,0.59,31824,18227,0.59,30893,17464,0.59,29600,16778,0.59,28437.28814,16432,0.59,27851,16120,0.59,27322
"합계",금천구,시흥1동,38569,1.71,22555,38688,1.71,22625,38520,1.71,22526,38320,1.71,22409,37640,1.71,22012,37078,1.71,21683,36706,1.71,21465,35781,1.71,20925,34533,1.71,20194.73684,34054,1.71,19915,33790,1.71,19760
"합계",금천구,시흥2동,25032,1.26,19867,24770,1.26,19659,24445,1.26,19401,24154,1.26,19170,23761,1.26,18858,23253,1.26,18455,22659,1.26,17983,22092,1.26,17533,21351,1.26,16945.2381,20832,1.26,16533,20687,1.26,16418
"합계",금천구,시흥3동,12985,1.07,12136,12794,1.07,11957,12689,1.07,11859,12255,1.07,11453,12065,1.07,11276,11740,1.07,10972,11524,1.07,10770,11285,1.07,10547,10951,1.07,10234.57944,10701,1.07,10001,10396,1.07,9716
"합계",금천구,시흥4동,24169,0.87,27780,24126,0.87,27731,23953,0.87,27532,23271,0.87,26748,23203,0.87,26670,22747,0.87,26146,22216,0.87,25536,21520,0.87,24736,20916,0.87,24041.37931,20614,0.87,23694,20059,0.87,23056
"합계",금천구,시흥5동,23600,1.39,16978,23499,1.39,16906,23158,1.39,16660,22886,1.39,16465,21877,1.39,15739,21337,1.39,15350,20872,1.39,15016,20328,1.39,14624,19715,1.39,14183.45324,19242,1.39,13843,18762,1.39,13498
"합계",영등포구,소계,421577,24.53,17187,421436,24.53,17181,417811,24.53,17033,406779,24.53,16583,402024,24.55,16377,403600,24.55,16441,400986,24.55,16334,407367,24.55,16595,400908,24.5482111,16331.4548,398085,24.5498979,16215,397800,24.5511941,16203
"합계",영등포구,여의동,34197,8.41,4066,33934,8.41,4035,34094,8.41,4054,34013,8.41,4044,33718,8.41,4009,33973,8.4,4044,34598,8.4,4119,34463,8.4,4103,33420,8.4,3978.571429,32923,8.4,3919,33713,8.4,4013
"합계",영등포구,당산1동,21155,0.75,28207,21228,0.75,28304,21433,0.75,28577,21260,0.75,28347,21261,0.75,28348,21361,0.75,28481,21524,0.75,28699,21197,0.75,28263,20648,0.75,27530.66667,20740,0.75,27653,21418,0.75,28557
"합계",영등포구,당산2동,35490,1.55,22897,35480,1.55,22890,36016,1.55,23236,36518,1.55,23560,35684,1.55,23022,36191,1.55,23349,36324,1.55,23435,38011,1.55,24523,37911,1.55,24458.70968,37102,1.55,23937,37113,1.55,23944
"합계",영등포구,양평1동,17454,0.88,19834,17044,0.88,19368,17334,0.88,19698,17333,0.88,19697,17194,0.88,19539,17959,0.88,20408,18263,0.88,20753,17702,0.88,20116,18487,0.88,21007.95455,18704,0.88,21255,18422,0.88,20934
"합계",영등포구,양평2동,22256,3,7419,22090,3,7363,22227,3,7409,22602,3,7534,22769,3,7590,22962,3,7654,22802,3,7601,22603,3,7534,22499,3,7499.666667,22583,3,7528,22758,3,7586
"합계",영등포구,신길1동,23224,0.66,35188,22847,0.66,34617,22246,0.66,33706,21836,0.66,33085,20494,0.66,31052,19696,0.66,29842,19750,0.66,29924,19167,0.66,29041,18755,0.66,28416.66667,20483,0.66,31035,20653,0.66,31292
"합계",영등포구,신길3동,17532,0.48,36525,17206,0.48,35846,16576,0.48,34533,18110,0.48,37729,17780,0.48,37042,17563,0.52,33775,18727,0.52,36013,18086,0.52,34781,17575,0.52,33798.07692,17281,0.52,33233,16961,0.52,32617
"합계",영등포구,신길4동,13675,0.35,39071,13379,0.35,38226,13186,0.35,37674,11556,0.35,33017,10712,0.35,30606,10425,0.35,29786,9985,0.35,28529,12974,0.38,34142,13089,0.38,34444.73684,13016,0.38,34253,12919,0.38,33997
"합계",영등포구,신길5동,18542,0.47,39451,18179,0.47,38679,17854,0.47,37987,15326,0.47,32609,13079,0.47,27828,11649,0.47,24785,10670,0.47,22702,12496,0.47,26587,11701,0.47,24895.74468,11212,0.47,23855,10912,0.47,23217
"합계",영등포구,신길6동,24401,0.68,35884,24189,0.68,35572,23903,0.68,35151,21453,0.68,31549,20019,0.68,29440,19801,0.68,29119,19434,0.68,28579,19071,0.65,29340,19869,0.65,30567.69231,19593,0.65,30143,18369,0.65,28260
"합계",영등포구,신길7동,15495,0.64,24211,15524,0.64,24256,15212,0.64,23769,13031,0.64,20361,17292,0.64,27019,17216,0.64,26900,17075,0.64,26680,20494,0.64,32022,20158,0.64,31496.875,19899,0.64,31092,19985,0.64,31227
"합계",영등포구,대림1동,19719,0.49,40243,19410,0.49,39612,18946,0.49,38665,17890,0.49,36510,16843,0.49,34373,17030,0.49,34755,16332,0.49,33331,17751,0.49,36227,17067,0.49,34830.61224,16506,0.49,33686,16164,0.49,32988
"합계",영등포구,대림2동,25020,0.55,45491,25507,0.55,46376,24461,0.55,44475,23028,0.55,41869,21811,0.55,39656,22231,0.55,40420,21370,0.55,38855,19776,0.55,35956,18162,0.55,33021.81818,17523,0.55,31860,17575,0.55,31955
"합계",영등포구,대림3동,31750,1,31750,31780,1,31780,31178,1,31178,30621,1,30621,29654,1,29654,29519,0.95,31073,28638,0.95,30145,26973,0.95,28393,25876,0.95,27237.89474,25205,0.95,26532,25027,0.95,26344
"합계",영등포구,영등포본동,27452,1.02,26914,27313,1.02,26777,26898,1.02,26371,26350,1.02,25833,25703,1.02,25199,25480,1.02,24980,24813,1.02,24326,23790,1.02,23324,23152,1.02,22698.03922,22714,1.02,22269,22536,1.02,22094
"합계",영등포구,영등포동,20065,1.26,15925,20606,1.26,16354,20471,1.26,16247,20933,1.26,16613,24055,1.26,19091,26111,1.26,20723,27166,1.26,21560,28749,1.26,22817,29901,1.26,23730.95238,30461,1.26,24175,31413,1.26,24931
"합계",영등포구,도림동,21394,0.89,24038,23495,0.89,26399,23650,0.89,26573,23089,0.89,25943,22274,0.89,25027,22178,0.89,24919,21552,0.89,24216,20665,0.89,23219,19826,0.89,22276.40449,19600,0.89,22022,19520,0.89,21933
"합계",영등포구,문래동,32751,1.49,21981,32224,1.49,21627,32126,1.49,21561,31830,1.49,21362,31682,1.49,21263,32255,1.49,21648,31963,1.49,21452,33399,1.49,22415,32812,1.49,22021.47651,32540,1.49,21839,32342,1.49,21706
"합계",영등포구,기타,5,-,-,1,-,-,-,-,-,-,-,-,-,-,-,-,-,-,-,-,-,-,-,-,-,-,-,-,-,-,-,-,-
"합계",동작구,소계,421487,16.35,25773,419261,16.35,25637,412774,16.35,25240,413247,16.35,25269,408493,16.35,24978,409385,16.35,25032,408912,16.35,25003,401572,16.35,24555,394364,16.3550182,24112.72156,390432,16.3568629,23870,389714,16.3568629,23826
"합계",동작구,노량진2동,16045,0.65,24685,15712,0.65,24172,15374,0.65,23652,14949,0.64,23358,14585,0.64,22789,14307,0.64,22355,13789,0.64,21545,13512,0.64,21113,11550,0.64,18046.875,11234,0.64,17553,11075,0.64,17305
"합계",동작구,상도1동,47416,1.51,31401,48197,1.51,31919,48387,1.51,32044,48245,1.51,31950,48471,1.51,32100,48317,1.51,31998,48153,1.51,31889,46840,1.51,31020,45485,1.51,30122.51656,46166,1.51,30574,46451,1.51,30762
"합계",동작구,상도2동,26190,0.97,27000,25927,0.97,26729,24880,0.97,25649,27817,0.98,28385,27549,0.98,28111,27767,0.98,28334,29270,0.98,29867,28162,0.98,28737,28362,0.98,28940.81633,27982,0.98,28553,27822,0.98,28390
"합계",동작구,상도3동,25184,0.6,41973,25358,0.6,42263,25490,0.6,42483,26041,0.6,43402,26304,0.6,43840,26181,0.6,43635,26041,0.6,43402,25416,0.6,42360,24846,0.6,41410,24456,0.6,40760,24297,0.6,40495
"합계",동작구,상도4동,29897,0.75,39863,30010,0.75,40013,30151,0.75,40201,30501,0.75,40668,30357,0.75,40476,30264,0.75,40352,29893,0.75,39857,29306,0.75,39075,28914,0.75,38552,28564,0.75,38085,28051,0.75,37401
"합계",동작구,사당1동,24108,0.79,30516,23864,0.79,30208,23877,0.79,30224,23961,0.79,30330,23872,0.79,30218,24064,0.79,30461,24026,0.79,30413,23632,0.79,29914,23321,0.79,29520.25316,23009,0.79,29125,23008,0.79,29124
"합계",동작구,사당3동,26513,0.92,28818,26174,0.92,28450,24835,0.92,26995,24625,0.92,26766,24967,0.92,27138,26762,0.92,29089,26034,0.92,28298,25244,0.92,27439,24548,0.92,26682.6087,24189,0.92,26292,23940,0.92,26022
"합계",동작구,사당4동,15093,0.38,39718,15038,0.38,39574,15279,0.38,40208,15043,0.38,39587,14940,0.38,39316,15091,0.38,39713,14921,0.38,39266,14599,0.38,38418,14301,0.38,37634.21053,14185,0.38,37329,14007,0.38,36861
"합계",동작구,사당5동,15405,0.57,27026,15161,0.57,26598,13718,0.57,24067,13389,0.57,23489,13316,0.57,23361,13207,0.57,23170,12886,0.57,22607,14811,0.57,25984,14558,0.57,25540.35088,14434,0.57,25323,14269,0.57,25033
"합계",동작구,대방동,40651,1.55,26226,40180,1.55,25923,40321,1.55,26014,40656,1.55,26230,40684,1.55,26248,40360,1.55,26039,40177,1.55,25921,39172,1.55,25272,38338,1.55,24734.19355,37056,1.55,23907,35989,1.55,23219
"합계",동작구,신대방1동,28636,0.62,46187,28603,0.62,46134,28145,0.62,45395,27939,0.62,45063,27427,0.62,44237,27214,0.62,43894,26599,0.62,42902,25823,0.62,41650,24999,0.62,40320.96774,25118,0.62,40513,25100,0.62,40484
"합계",동작구,신대방2동,21520,1.03,20893,21414,1.03,20790,21587,1.03,20958,21461,1.03,20836,20867,1.03,20259,21076,1.03,20462,20719,1.03,20116,20466,1.03,19870,21404,1.03,20780.58252,22445,1.03,21791,22281,1.03,21632
"합계",동작구,흑석동,38806,1.68,23099,38487,1.68,22909,35941,1.68,21393,35115,1.68,20902,33532,1.68,19960,33231,1.68,19780,35551,1.68,21161,34544,1.68,20562,33293,1.68,19817.2619,30694,1.68,18270,32231,1.68,19185
"합계",동작구,노량진1동,34380,1.58,21759,33889,1.58,21449,33850,1.58,21424,33400,1.58,21139,32784,1.58,20749,32802,1.58,20761,32563,1.58,20609,32387,1.58,20498,32298,1.58,20441.77215,32114,1.58,20325,32715,1.58,20706
"합계",동작구,사당2동,31641,2.75,11506,31247,2.75,11363,30939,2.75,11251,30105,2.75,10947,28838,2.75,10487,28742,2.75,10452,28290,2.75,10287,27658,2.75,10057,28147,2.75,10235.27273,28786,2.75,10468,28478,2.75,10356
"합계",동작구,기타,2,-,-,-,-,-,-,-,-,-,-,-,-,-,-,-,-,-,-,-,-,-,-,-,-,-,-,-,-,-,-,-,-
"합계",관악구,소계,535128,29.57,18097,531960,29.57,17991,529031,29.57,17891,525607,29.57,17776,520929,29.57,17617,520040,29.57,17587,517334,29.57,17496,509803,29.57,17241,499449,29.5683135,16891.35906,501226,29.568309,16951,497883,29.5683689,16838
"합계",관악구,보라매동,27251,0.76,35857,27127,0.76,35693,26976,0.76,35495,26649,0.76,35064,26484,0.76,34847,26398,0.76,34734,26496,0.76,34863,25278,0.76,33261,24918,0.76,32786.84211,24660,0.76,32447,24272,0.76,31937
"합계",관악구,청림동,16868,0.3,56227,16828,0.3,56093,17128,0.3,57093,16974,0.3,56580,16695,0.3,55650,16527,0.3,55090,16286,0.3,54287,15711,0.3,52370,15214,0.3,50713.33333,15005,0.3,50017,14828,0.3,49427
"합계",관악구,행운동,30055,0.72,41743,30317,0.72,42107,30368,0.72,42178,30578,0.72,42469,30399,0.72,42221,30438,0.72,42275,30061,0.72,41751,29799,0.72,41388,29413,0.72,40851.38889,29636,0.72,41161,29418,0.72,40858
"합계",관악구,낙성대동,19202,2.27,8459,18732,2.27,8252,18368,2.27,8092,18213,2.27,8023,17882,2.27,7878,17780,2.27,7833,17623,2.27,7763,17579,2.27,7744,17434,2.27,7680.176211,17928,2.27,7898,17863,2.27,7869
"합계",관악구,중앙동,15233,0.39,39059,15211,0.39,39003,15359,0.39,39382,15368,0.39,39405,15506,0.39,39759,15716,0.39,40297,15895,0.39,40756,15758,0.39,40405,15487,0.39,39710.25641,15685,0.39,40218,15572,0.39,39928
"합계",관악구,인헌동,28610,1.08,26491,28240,1.08,26148,28098,1.08,26017,28004,1.08,25930,27748,1.08,25693,27293,1.08,25271,27088,1.08,25081,26500,1.08,24537,26154,1.08,24216.66667,26119,1.08,24184,25849,1.08,23934
"합계",관악구,남현동,18359,3.27,5614,18315,3.27,5601,18568,3.27,5678,18981,3.27,5805,19022,3.27,5817,18998,3.27,5810,18980,3.27,5804,18598,3.27,5687,18274,3.27,5588.379205,18163,3.27,5554,17888,3.27,5470
"합계",관악구,서원동,24159,0.65,37168,24057,0.65,37011,24108,0.65,37089,23973,0.65,36882,23542,0.65,36218,23933,0.65,36820,24068,0.65,37028,23565,0.65,36254,23278,0.65,35812.30769,23511,0.65,36171,23690,0.65,36446
"합계",관악구,신원동,20248,0.55,36815,20267,0.55,36849,20389,0.55,37071,20272,0.55,36858,19940,0.55,36255,20119,0.55,36580,19742,0.55,35895,19290,0.55,35073,18675,0.55,33954.54545,18620,0.55,33855,18399,0.55,33453
"합계",관악구,서림동,24850,0.99,25101,25137,0.99,25391,25468,0.99,25725,25475,0.99,25732,25264,0.99,25519,24881,0.99,25132,24339,0.99,24585,24410,0.99,24657,23689,0.99,23928.28283,24361,0.99,24607,24594,0.99,24842
"합계",관악구,신사동,26938,0.64,42091,27040,0.64,42250,26976,0.64,42150,26627,0.64,41605,26229,0.64,40983,26442,0.64,41316,25960,0.64,40563,25426,0.64,39728,24838,0.64,38809.375,24719,0.64,38623,24414,0.64,38147
"합계",관악구,신림동,21697,0.54,40180,20780,0.54,38481,20867,0.54,38643,21341,0.54,39520,21470,0.54,39759,22256,0.54,41215,22525,0.54,41713,22667,0.54,41976,23128,0.54,42829.62963,23877,0.54,44217,23767,0.54,44013
"합계",관악구,난향동,17674,0.8,22093,17485,0.8,21856,17257,0.8,21571,17013,0.8,21266,16871,0.8,21089,16693,0.8,20866,16394,0.8,20493,15915,0.8,19894,15420,0.8,19275,15050,0.8,18813,14859,0.8,18574
"합계",관악구,조원동,20212,0.67,30167,20328,0.67,30340,20489,0.67,30581,20413,0.67,30467,19952,0.67,29779,19824,0.67,29588,19579,0.67,29222,19232,0.67,28704,18786,0.67,28038.80597,20490,0.67,30582,21077,0.67,31458
"합계",관악구,대학동,23637,8.3,2848,23570,8.3,2840,23766,8.3,2863,24408,8.3,2941,24589,8.3,2963,24823,8.3,2991,24457,8.3,2947,24907,8.3,3001,24921,8.3,3002.53012,26301,8.3,3169,27093,8.3,3264
"합계",관악구,은천동,36822,0.78,47208,36727,0.78,47086,36699,0.78,47050,36111,0.78,46296,35985,0.78,46135,35797,0.78,45894,35337,0.78,45304,34595,0.78,44353,33631,0.78,43116.66667,33156,0.78,42508,32902,0.78,42182
"합계",관악구,성현동,34694,0.68,51021,34321,0.68,50472,34294,0.68,50432,34015,0.68,50022,33453,0.68,49196,33033,0.68,48578,31175,0.68,45846,30472,0.68,44812,29394,0.68,43226.47059,28830,0.68,42397,28461,0.68,41854
"합계",관악구,청룡동,34409,1.18,29160,34322,1.18,29086,30849,1.18,26143,29582,1.18,25069,29457,1.18,24964,30242,1.18,25629,34440,1.18,29186,36325,1.18,30784,36482,1.18,30916.94915,37132,1.18,31468,36872,1.18,31247
"합계",관악구,난곡동,31026,0.96,32319,30860,0.96,32146,30810,0.96,32094,30539,0.96,31811,30094,0.96,31348,29484,0.96,30713,28912,0.96,30117,28054,0.96,29223,27216,0.96,28350,26679,0.96,27791,25807,0.96,26882
"합계",관악구,삼성동,29071,2.66,10929,28426,2.66,10686,28164,2.66,10588,27467,2.66,10326,26826,2.66,10085,26068,2.66,9800,25226,2.66,9483,23935,2.66,8998,22041,2.66,8286.090226,20642,2.66,7760,20130,2.66,7568
"합계",관악구,미성동,34113,1.38,24720,33870,1.38,24543,34030,1.38,24659,33604,1.38,24351,33521,1.38,24291,33295,1.38,24127,32751,1.38,23733,31787,1.38,23034,31056,1.38,22504.34783,30662,1.38,22219,30128,1.38,21832
"합계",서초구,소계,446541,47,9501,454288,47,9665,451258,47,9601,451477,46.98,9610,445401,46.99,9480,438163,46.98,9326,435107,46.98,9261,429025,46.98,9132,416167,46.9816207,8858.080964,408451,46.9680183,8696,412078,46.9659586,8774
"합계",서초구,서초1동,21675,1.42,15264,21516,1.42,15152,21385,1.42,15060,21388,1.42,15062,21532,1.42,15163,21574,1.42,15193,21579,1.42,15196,21187,1.42,14920,20711,1.42,14585.21127,20622,1.42,14523,20352,1.42,14332
"합계",서초구,서초2동,23868,1.24,19248,22530,1.24,18169,21467,1.24,17312,21239,1.24,17128,16766,1.24,13521,18506,1.24,14924,18837,1.24,15191,21731,1.24,17525,26595,1.24,21447.58065,26932,1.24,21719,25140,1.24,20274
"합계",서초구,서초3동,30659,2.93,10464,30647,2.93,10460,30491,2.93,10406,30123,2.93,10281,30439,2.93,10389,30754,2.93,10496,30951,2.93,10563,32307,2.93,11026,32769,2.93,11183.95904,32379,2.93,11051,32384,2.93,11053
"합계",서초구,서초4동,29773,0.88,33833,28468,0.88,32350,29056,0.88,33018,29019,0.88,32976,31285,0.88,35551,31817,0.88,36156,31988,0.88,36350,31718,0.88,36043,31089,0.88,35328.40909,30521,0.88,34683,30558,0.88,34725
"합계",서초구,잠원동,34751,1.76,19745,34367,1.76,19527,34015,1.76,19327,35035,1.76,19906,34940,1.76,19852,34962,1.76,19865,35131,1.76,19961,28532,1.76,16211,26946,1.76,15310.22727,26393,1.76,14996,27015,1.76,15349
"합계",서초구,반포본동,13487,1.01,13353,13473,1.01,13340,13317,1.01,13185,12961,1.01,12833,12826,1.01,12699,12583,1.01,12458,12190,1.01,12069,11991,1.01,11872,2000,1.01,1980.19802,292,1.01,289,241,1.01,239
"합계",서초구,반포1동,34335,1,34335,34004,1,34004,30849,1,30849,30431,1,30431,28665,1,28665,32109,1,32109,33237,1,33237,32630,1,32630,34815,1,34815,34443,1,34443,34190,1,34190
"합계",서초구,반포2동,20133,1.35,14913,20022,1.35,14831,19881,1.35,14727,23491,1.35,17401,24506,1.35,18153,16761,1.35,12416,16385,1.35,12137,16240,1.35,12030,15801,1.35,11704.44444,15742,1.35,11661,23436,1.35,17360
"합계",서초구,반포3동,24431,1.28,19087,24152,1.28,18869,20920,1.28,16344,19259,1.28,15046,18721,1.28,14626,20434,1.28,15964,20390,1.28,15930,22412,1.28,17509,22245,1.28,17378.90625,22773,1.28,17791,23845,1.28,18629
"합계",서초구,반포4동,20884,1.43,14604,20726,1.43,14494,20745,1.43,14507,20561,1.43,14378,20443,1.43,14296,20600,1.43,14406,20232,1.43,14148,19977,1.43,13970,19807,1.43,13851.04895,19486,1.43,13627,19229,1.43,13447
"합계",서초구,방배본동,22338,0.67,33340,22349,0.67,33357,22153,0.67,33064,21956,0.67,32770,21805,0.67,32545,21746,0.67,32457,21585,0.67,32216,21293,0.67,31781,21083,0.67,31467.16418,20778,0.67,31012,20575,0.67,30709
"합계",서초구,방배1동,17501,0.7,25001,17479,0.7,24970,17538,0.7,25054,17202,0.7,24574,17293,0.7,24704,17683,0.7,25261,17524,0.7,25034,17381,0.7,24830,16980,0.7,24257.14286,16883,0.7,24119,16644,0.7,23777
"합계",서초구,방배2동,27871,1.93,14441,28817,1.93,14931,28361,1.93,14695,27735,1.93,14370,27221,1.93,14104,22491,1.93,11653,20958,1.93,10859,20404,1.93,10572,19474,1.93,10090.15544,18553,1.93,9613,18171,1.93,9415
"합계",서초구,방배3동,25586,2.4,10661,25292,2.4,10538,24400,2.4,10167,24055,2.4,10023,22584,2.4,9410,22268,2.4,9278,22455,2.4,9356,21441,2.4,8934,18861,2.4,7858.75,17321,2.4,7217,16058,2.4,6691
"합계",서초구,방배4동,26036,0.98,26567,26179,0.98,26713,26446,0.98,26986,26497,0.98,27038,26392,0.98,26931,24442,0.98,24941,24083,0.98,24574,24036,0.98,24527,23817,0.98,24303.06122,23429,0.98,23907,23108,0.98,23580
"합계",서초구,양재1동,44231,5.76,7679,47501,5.76,8247,47859,5.76,8309,47744,5.76,8289,47275,5.76,8207,46713,5.76,8110,45940,5.76,7976,44890,5.76,7793,43408,5.76,7536.111111,42683,5.76,7410,42333,5.76,7349
"합계",서초구,양재2동,22935,7.58,3026,23978,7.58,3163,23633,7.58,3118,23796,7.58,3139,23836,7.58,3145,24032,7.58,3170,23161,7.58,3056,22709,7.58,2996,22144,7.58,2921.372032,21766,7.58,2872,21545,7.58,2842
"합계",서초구,내곡동,6047,12.68,477,12788,12.68,1009,18742,12.68,1478,18985,12.68,1497,18872,12.68,1488,18688,12.68,1474,18481,12.68,1457,18146,12.68,1431,17622,12.68,1389.747634,17455,12.68,1377,17254,12.68,1361
"합계",강남구,소계,569152,39.5,14409,583446,39.5,14770,581760,39.5,14728,572140,39.5,14484,561052,39.5,14203,547453,39.5,13859,550209,39.5,13929,544055,39.5,13773,537800,39.497507,13616.04924,534103,39.4978916,13522,550282,39.4975971,13932
"합계",강남구,신사동,19753,1.89,10451,19114,1.89,10113,18570,1.89,9825,18349,1.89,9708,18105,1.89,9579,17813,1.89,9425,17546,1.89,9284,16914,1.89,8949,16213,1.89,8578.306878,15876,1.89,8400,15681,1.89,8297
"합계",강남구,개포3동,-,-,-,-,-,-,-,-,-,-,-,-,-,-,-,-,-,-,-,-,-,-,-,-,-,-,-,17382,1.24,14018,16894,1.24,13624
"합계",강남구,논현1동,26221,1.25,20977,25751,1.25,20601,25307,1.25,20246,24867,1.25,19894,24186,1.25,19349,24061,1.25,19249,23792,1.25,19034,23734,1.25,18987,22702,1.25,18161.6,22080,1.25,17664,21759,1.25,17407
"합계",강남구,논현2동,22526,1.47,15324,22441,1.47,15266,23082,1.47,15702,22639,1.47,15401,22573,1.47,15356,22304,1.47,15173,21904,1.47,14901,21997,1.47,14964,21331,1.47,14510.88435,20814,1.47,14159,20774,1.47,14132
"합계",강남구,삼성1동,15993,1.94,8244,15800,1.94,8144,15531,1.94,8006,15357,1.94,7916,15193,1.94,7831,15252,1.94,7862,14920,1.94,7691,13600,1.94,7010,13136,1.94,6771.134021,12739,1.94,6566,12384,1.94,6384
"합계",강남구,삼성2동,32310,1.24,26056,32170,1.24,25944,31343,1.24,25277,30999,1.24,24999,29628,1.24,23894,30492,1.24,24590,30674,1.24,24737,30368,1.24,24490,30692,1.24,24751.6129,31062,1.24,25050,30888,1.24,24910
"합계",강남구,대치1동,20580,0.79,26051,19804,0.79,25068,23283,0.79,29472,24834,0.79,31435,25262,0.79,31977,25590,0.79,32392,25302,0.79,32028,24922,0.79,31547,24199,0.79,30631.64557,23846,0.79,30185,23934,0.79,30296
"합계",강남구,대치4동,22351,0.73,30618,22134,0.73,30321,21630,0.73,29630,21292,0.73,29167,21193,0.73,29032,21265,0.73,29130,20822,0.73,28523,20744,0.73,28416,20079,0.73,27505.47945,19491,0.73,26700,18929,0.73,25930
"합계",강남구,역삼1동,36142,2.35,15380,36239,2.35,15421,36450,2.35,15511,36305,2.35,15449,36534,2.35,15546,36861,2.35,15686,37002,2.35,15746,36771,2.35,15647,36590,2.35,15570.21277,35556,2.35,15130,35326,2.35,15032
"합계",강남구,역삼2동,35091,1.15,30514,36130,1.15,31417,36314,1.15,31577,37047,1.15,32215,37103,1.15,32263,36822,1.15,32019,37336,1.15,32466,37291,1.15,32427,36378,1.15,31633.04348,37269,1.15,32408,36748,1.15,31955
"합계",강남구,도곡1동,22945,1.02,22495,22854,1.02,22406,22693,1.02,22248,23057,1.02,22605,22882,1.02,22433,22844,1.02,22396,22626,1.02,22182,22227,1.02,21791,21539,1.02,21116.66667,21274,1.02,20857,20701,1.02,20295
"합계",강남구,도곡2동,35674,1.02,34975,35661,1.02,34962,35307,1.02,34615,34934,1.02,34249,34884,1.02,34200,34704,1.02,34024,34437,1.02,33762,34042,1.02,33375,33261,1.02,32608.82353,32846,1.02,32202,32738,1.02,32096
"합계",강남구,개포1동,22869,1.27,18007,22163,1.27,17451,21700,1.27,17087,21162,1.27,16663,20111,1.27,15835,7800,1.27,6142,6920,1.27,5449,6670,1.27,5252,6489,1.27,5109.448819,6922,1.27,5450,11907,1.27,9376
"합계",강남구,개포4동,23562,1.49,15813,23177,1.49,15555,22135,1.49,14856,18550,1.49,12450,18525,1.49,12433,18920,1.49,12698,18405,1.49,12352,22765,1.49,15279,23870,1.49,16020.13423,23639,1.49,15865,23384,1.49,15694
"합계",강남구,일원본동,23051,2.58,8934,24995,2.58,9688,25350,2.58,9826,25104,2.58,9730,25027,2.58,9700,24781,2.58,9605,24399,2.58,9457,23945,2.58,9281,23291,2.58,9027.51938,23015,2.58,8921,22832,2.58,8850
"합계",강남구,일원1동,18448,0.92,20052,17880,0.92,19435,17627,0.92,19160,17275,0.92,18777,17108,0.92,18596,17136,0.92,18626,16438,0.92,17867,15827,0.92,17203,15214,0.92,16536.95652,14987,0.92,16290,14711,0.92,15990
"합계",강남구,일원2동,18822,1.24,15179,18499,1.24,14919,16621,1.24,13404,16520,1.24,13323,16467,1.24,13280,16593,1.24,13381,18160,1.24,14645,17709,1.24,14281,17585,1.24,14181.45161,-,-,-,-,-,-
"합계",강남구,수서동,16486,1.43,11529,16064,1.43,11234,15732,1.43,11001,16708,1.43,11684,16787,1.43,11739,16421,1.43,11483,15934,1.43,11143,15299,1.43,10699,14870,1.43,10398.6014,14402,1.43,10071,14090,1.43,9853
"합계",강남구,세곡동,19137,6.36,3009,35894,6.36,5644,43302,6.36,6808,44344,6.36,6972,44921,6.36,7063,45445,6.36,7145,45064,6.36,7086,44475,6.36,6993,43396,6.36,6823.27044,43382,6.36,6821,45724,6.36,7189
"합계",강남구,압구정동,29175,2.53,11532,28730,2.53,11356,28735,2.53,11358,28360,2.53,11209,28050,2.53,11087,28146,2.53,11125,27712,2.53,10953,27440,2.53,10846,26446,2.53,10452.96443,25902,2.53,10238,25755,2.53,10180
"합계",강남구,청담동,31198,2.33,13390,31350,2.33,13455,31129,2.33,13360,30623,2.33,13143,30269,2.33,12991,30185,2.33,12955,30120,2.33,12927,27266,2.33,11702,25911,2.33,11120.60086,25489,2.33,10939,24902,2.33,10688
"합계",강남구,대치2동,42509,2,21255,43118,2,21559,42565,2,21283,42068,2,21034,41566,2,20783,40163,2,20082,38647,2,19324,37752,2,18876,36663,2,18331.5,37098,2,18549,38417,2,19209
"합계",강남구,개포2동,34307,2.51,13668,33476,2.51,13337,27354,2.51,10898,21746,2.51,8664,14678,2.51,5848,13855,2.51,5520,22049,2.51,8784,22297,2.51,8883,27945,2.51,11133.46614,29032,2.51,11567,41804,2.51,16655
"합계",강남구,기타,2,-,-,2,-,-,-,-,-,-,-,-,-,-,-,-,-,-,-,-,-,-,-,-,-,-,-,-,-,-,-,-,-
"합계",송파구,소계,674955,33.87,19925,671794,33.88,19831,667480,33.88,19704,664946,33.88,19629,671173,33.87,19813,673507,33.87,19883,682741,33.87,20156,673926,33.87,19896,663965,33.8770567,19599.25285,664514,33.8758571,19616,660025,33.876575,19483
"합계",송파구,풍납1동,19446,0.77,25255,19034,0.77,24719,18782,0.77,24392,18034,0.77,23421,16996,0.77,22073,16380,0.77,21273,15518,0.77,20153,14585,0.77,18942,13451,0.77,17468.83117,12910,0.77,16766,12286,0.77,15956
"합계",송파구,풍납2동,28345,1.59,17827,28066,1.59,17652,27259,1.59,17144,25842,1.59,16253,25386,1.59,15966,25149,1.59,15817,25288,1.59,15904,25703,1.59,16165,24953,1.59,15693.71069,24426,1.59,15362,23918,1.59,15043
"합계",송파구,거여1동,15869,0.67,23685,15472,0.67,23093,15228,0.51,29859,14774,0.51,28969,13466,0.51,26404,13339,0.51,26155,13221,0.51,25924,13077,0.51,25641,12614,0.51,24733.33333,12255,0.51,24029,12100,0.51,23725
"합계",송파구,거여2동,27825,1.69,16464,27302,1.69,16155,24101,0.53,45474,19609,0.53,36998,17915,0.53,33802,17299,0.53,32640,16921,0.53,31926,19330,0.53,36472,18806,0.53,35483.01887,23745,0.53,44802,23653,0.53,44628
"합계",송파구,마천1동,23762,0.58,40969,23185,0.58,39974,23255,0.58,40095,22912,0.58,39503,22047,0.58,38012,21344,0.58,36800,20764,0.58,35800,19909,0.58,34326,19071,0.58,32881.03448,18618,0.58,32100,18137,0.58,31271
"합계",송파구,마천2동,22254,0.89,25004,21792,0.89,24485,21683,0.89,24363,21128,0.89,23739,20857,0.89,23435,20684,0.89,23240,20242,0.89,22744,19719,0.89,22156,18866,0.89,21197.75281,18150,0.89,20393,17743,0.89,19936
"합계",송파구,방이1동,16929,0.5,33858,16805,0.5,33610,16617,0.5,33234,16358,0.5,32716,16758,0.5,33516,16631,0.5,33262,16524,0.5,33048,16298,0.5,32596,15766,0.5,31532,15460,0.5,30920,15231,0.5,30462
"합계",송파구,방이2동,26029,0.8,32536,25852,0.8,32315,25848,0.8,32310,25446,0.8,31808,25600,0.8,32000,25801,0.8,32251,26044,0.8,32555,26675,0.8,33344,27015,0.8,33768.75,26354,0.8,32943,26833,0.8,33541
"합계",송파구,오륜동,20316,3.17,6409,20114,3.17,6345,19999,3.17,6309,19714,3.17,6219,19562,3.17,6171,19244,3.17,6071,18864,3.17,5951,18495,3.17,5834,18079,3.17,5703.154574,17804,3.17,5616,17818,3.17,5621
"합계",송파구,오금동,38276,1.65,23198,37544,1.65,22754,37291,1.65,22601,37069,1.65,22466,38091,1.65,23085,41014,1.65,24857,41067,1.65,24889,39668,1.65,24041,38654,1.65,23426.66667,38037,1.65,23053,37669,1.65,22830
"합계",송파구,송파1동,27798,0.79,35187,27287,0.79,34541,27046,0.79,34235,26717,0.79,33819,26318,0.79,33314,26401,0.79,33419,26026,0.79,32944,25190,0.79,31886,24176,0.79,30602.53165,24008,0.79,30390,23654,0.79,29942
"합계",송파구,송파2동,22852,0.53,43117,22497,0.53,42447,22275,0.53,42028,21974,0.53,41460,21474,0.53,40517,21210,0.53,40019,20862,0.53,39362,20800,0.53,39245,19283,0.53,36383.01887,18947,0.53,35749,18674,0.53,35234
"합계",송파구,석촌동,35996,0.95,37891,35680,0.95,37558,35478,0.95,37345,35420,0.95,37284,34670,0.95,36495,34760,0.95,36589,34309,0.95,36115,33166,0.95,34912,32169,0.95,33862.10526,31602,0.95,33265,31333,0.95,32982
"합계",송파구,삼전동,35213,0.95,37066,34507,0.95,36323,34293,0.95,36098,33851,0.95,35633,33624,0.95,35394,33440,0.95,35200,32613,0.95,34329,31839,0.95,33515,30695,0.95,32310.52632,29912,0.95,31486,29451,0.95,31001
"합계",송파구,가락본동,29612,1.13,26205,29132,1.13,25781,28918,1.13,25591,28395,1.13,25128,28251,1.13,25001,28353,1.13,25091,27876,1.13,24669,27368,1.13,24219,26523,1.13,23471.68142,25883,1.13,22905,25489,1.13,22557
"합계",송파구,가락1동,1754,1.34,1309,1237,1.34,923,968,1.34,722,918,1.34,685,905,1.34,675,1115,1.34,832,27716,1.34,20684,27876,1.34,20803,27365,1.34,20421.64179,27521,1.34,20538,27673,1.34,20651
"합계",송파구,가락2동,35887,0.96,37382,35477,0.96,36955,35434,0.96,36910,35064,0.96,36525,34681,0.96,36126,34455,0.96,35891,33920,0.96,35333,33204,0.96,34588,32406,0.96,33756.25,31670,0.96,32990,31386,0.96,32694
"합계",송파구,문정1동,22676,0.56,40493,22383,0.56,39970,22013,0.56,39309,21660,0.56,38679,21608,0.56,38586,21731,0.56,38805,21301,0.56,38038,20868,0.56,37264,20198,0.56,36067.85714,19916,0.56,35564,19673,0.56,35130
"합계",송파구,문정2동,18088,2.2,8222,18158,2.2,8254,18824,2.2,8556,24043,2.2,10929,27540,2.2,12518,30140,2.2,13700,29967,2.2,13621,29547,2.2,13430,29072,2.2,13214.54545,28841,2.2,13110,28972,2.2,13169
"합계",송파구,잠실본동,31085,0.94,33069,30965,0.94,32941,30898,0.94,32870,30187,0.94,32114,29897,0.94,31805,29756,0.94,31655,29628,0.94,31519,29093,0.94,30950,28439,0.94,30254.25532,28358,0.94,30168,28300,0.94,30106
"합계",송파구,잠실4동,31271,1.56,20046,30842,1.56,19771,30924,1.56,19823,30534,1.56,19573,30430,1.56,19506,30089,1.56,19288,22240,1.56,14256,21798,1.56,13973,21376,1.56,13702.5641,21223,1.56,13604,21271,1.56,13635
"합계",송파구,잠실6동,17999,2.79,6451,17848,2.79,6397,17826,2.79,6389,17689,2.79,6340,17430,2.79,6247,17461,2.79,6258,17441,2.79,6251,17366,2.79,6224,16905,2.79,6059.139785,16713,2.79,5990,16657,2.79,5970
"합계",송파구,잠실7동,10646,0.6,17743,10474,0.6,17457,10433,0.6,17388,10516,0.6,17527,10444,0.6,17407,10369,0.6,17282,10191,0.6,16985,9903,0.6,16505,9564,0.6,15940,9427,0.6,15712,9434,0.6,15723
"합계",송파구,잠실2동,37239,2.18,17082,36799,2.18,16880,37033,2.18,16988,36853,2.18,16905,36983,2.18,16965,37069,2.18,17004,36809,2.18,16885,36216,2.18,16613,35145,2.18,16121.55963,34876,2.18,15998,35005,2.18,16057
"합계",송파구,잠실3동,37279,1.49,25019,37168,1.49,24945,37094,1.49,24895,37067,1.49,24877,36770,1.49,24678,36546,1.49,24528,36038,1.49,24187,35497,1.49,23823,34475,1.49,23137.58389,34143,1.49,22915,33948,1.49,22784
"합계",송파구,장지동,40509,2.6,15580,46174,2.6,17759,35930,1.37,26226,35834,1.37,26156,35217,1.37,25706,34892,1.37,25469,33055,1.37,24128,30370,1.37,22168,29693,1.37,21673.72263,29102,1.37,21242,28672,1.37,20928
"합계",송파구,위례동,-,-,-,-,-,-,12030,2.55,4718,17338,2.55,6799,28253,2.55,11080,28835,2.55,11308,28296,2.55,11096,30366,2.55,11908,39206,2.55,15374.90196,44613,2.55,17495,45045,2.55,17665
"합계",강동구,소계,487969,24.59,19846,481332,24.59,19577,463321,24.59,18842,448471,24.59,18238,440359,24.59,17909,431920,24.59,17564,440390,24.59,17909,463998,24.59,18869,466472,24.590492,18969.60825,464037,24.5904966,18871,463318,24.5903827,18841
"합계",강동구,강일동,34508,2.8,12324,34168,2.8,12203,34023,2.8,12151,34356,2.8,12270,33676,2.8,12027,32928,2.8,11760,32127,2.8,11474,35778,2.8,12778,-,-,-,-,-,-,-,-,-
"합계",강동구,상일동,27460,2.65,10362,26868,2.65,10139,24471,2.65,9234,12755,2.65,4813,9894,2.65,3734,11138,2.65,4203,10773,2.65,4065,33345,2.65,12583,-,-,-,-,-,-,-,-,-
"합계",강동구,명일1동,28415,0.61,46582,28073,0.61,46021,23430,0.61,38410,23036,0.61,37764,22609,0.61,37064,22483,0.61,36857,26758,0.61,43866,26377,0.61,43241,25941,0.61,42526.22951,25641,0.61,42034,25383,0.61,41611
"합계",강동구,명일2동,18911,0.97,19496,18784,0.97,19365,18672,0.97,19249,18503,0.97,19075,18210,0.97,18773,18020,0.97,18577,17778,0.97,18328,17555,0.97,18098,17568,0.97,18111.34021,17327,0.97,17863,17101,0.97,17630
"합계",강동구,고덕1동,17169,1.73,9924,16835,1.73,9731,16548,1.73,9565,16318,1.73,9432,27602,1.73,15955,27469,1.73,15878,27079,1.73,15653,26103,1.73,15088,24417,1.51,16170.19868,23919,1.51,15840,24070,1.51,15940
"합계",강동구,고덕2동,17801,2.01,8856,17005,2.01,8460,9223,2.01,4589,8674,2.01,4315,8232,2.01,4096,7709,2.01,3835,19345,2.01,9624,22568,2.01,11228,22329,2.5,8931.6,22764,2.5,9106,22942,2.5,9177
"합계",강동구,암사2동,16457,1.18,13947,16312,1.18,13824,16159,1.18,13694,15502,1.18,13137,14991,1.18,12704,14711,1.18,12467,14774,1.18,12520,15507,1.18,13142,15252,1.18,12925.42373,15069,1.18,12770,14950,1.18,12669
"합계",강동구,암사3동,19213,2.51,7655,19065,2.51,7596,19249,2.51,7669,19293,2.51,7686,19028,2.51,7581,18943,2.51,7547,18693,2.51,7447,18420,2.51,7339,17947,2.51,7150.1992,17481,2.51,6965,17220,2.51,6861
"합계",강동구,천호1동,31350,0.71,44155,30573,0.71,43061,29636,0.71,41741,29555,0.71,41627,29748,0.71,41899,29144,0.71,41048,28400,0.71,40000,27745,0.71,39077,26973,0.71,37990.14085,26670,0.71,37563,26265,0.71,36993
"합계",강동구,천호3동,26460,0.79,33494,26105,0.79,33044,26047,0.79,32971,25857,0.79,32730,28193,0.79,35687,28568,0.79,36162,27996,0.79,35438,27085,0.79,34285,27000,0.79,34177.21519,26679,0.79,33771,26539,0.79,33594
"합계",강동구,성내1동,19812,0.58,34159,19724,0.58,34007,19657,0.58,33891,20992,0.58,36193,21208,0.58,36566,20996,0.58,36200,20561,0.58,35450,20353,0.58,35091,20045,0.58,34560.34483,19900,0.58,34310,19542,0.58,33693
"합계",강동구,성내2동,26901,0.67,40151,26583,0.67,39676,26227,0.67,39145,25979,0.67,38775,25967,0.67,38757,25725,0.67,38396,25186,0.67,37591,24948,0.67,37236,24106,0.67,35979.10448,23528,0.67,35116,24065,0.67,35918
"합계",강동구,성내3동,25528,0.71,35955,25322,0.71,35665,25189,0.71,35477,24628,0.71,34687,24536,0.71,34558,24155,0.71,34021,23921,0.71,33692,23692,0.71,33369,23346,0.71,32881.69014,23071,0.71,32494,22772,0.71,32073
"합계",강동구,둔촌1동,19900,0.92,21630,19530,0.92,21228,19264,0.92,20939,18715,0.92,20342,1997,0.92,2171,317,0.92,345,283,0.92,308,262,0.92,285,144,0.92,156.52174,73,0.92,79,61,0.92,66
"합계",강동구,둔촌2동,29588,0.98,30192,29349,0.98,29948,28988,0.98,29580,28760,0.98,29347,28920,0.98,29510,28260,0.98,28837,27752,0.98,28318,26413,0.98,26952,24785,1.56,15887.82051,24277,1.56,15562,24417,1.56,15652
"합계",강동구,암사1동,38995,1.02,38230,38289,1.02,37538,37753,1.02,37013,37988,1.02,37243,38434,1.02,37680,37760,1.02,37020,36693,1.02,35974,35728,1.02,35027,34782,1.02,34100,34271,1.02,33599,34015,1.02,33348
"합계",강동구,천호2동,38032,1.57,24224,37226,1.57,23711,37065,1.57,23608,36126,1.57,23010,36691,1.57,23370,36423,1.57,23199,35904,1.57,22869,35251,1.57,22453,33753,1.57,21498.72611,33825,1.57,21545,33425,1.57,21290
"합계",강동구,길동,51469,2.17,23718,51521,2.17,23742,51720,2.17,23834,51434,2.17,23702,50423,2.17,23236,47171,2.17,21738,46367,2.17,21367,46868,2.17,21598,45973,1.61,28554.65839,45374,1.61,28183,45042,1.61,27976
"합계",강동구,강일동,-,-,-,-,-,-,-,-,-,-,-,-,-,-,-,-,-,-,-,-,-,-,-,-,32982,2.26,14593.80531,33057,2.26,14627,34283,2.26,15169
"합계",강동구,상일1동,-,-,-,-,-,-,-,-,-,-,-,-,-,-,-,-,-,-,-,-,-,-,-,-,38929,1.82,21389.56044,39178,1.82,21526,39440,1.82,21670
"합계",강동구,상일2동,-,-,-,-,-,-,-,-,-,-,-,-,-,-,-,-,-,-,-,-,-,-,-,-,10200,1.09,9357.79817,11933,1.09,10948,11786,1.09,10813
